,elevation,mindate,maxdate,latitude,name,datacoverage,id,elevationUnit,longitude
0,1106.1,2017-08-01,2025-08-01,40.9528,"BIG SPRINGS 7.6 S, CO US",0.2989,GHCND:US10perk001,METERS,-102.0538
1,1554.8,2003-08-01,2023-09-01,39.8612,"THORNTON 2.3 SSE, CO US",0.814,GHCND:US1COAD0022,METERS,-104.938156
2,1544.1,2005-05-01,2026-01-01,39.9752,"BRIGHTON 1.7 ESE, CO US",0.9636,GHCND:US1COAD0087,METERS,-104.7909
3,1609.0,2006-01-01,2026-01-01,39.922123,"THORNTON 2.1 N, CO US",0.9875,GHCND:US1COAD0100,METERS,-104.955296
4,1503.3,2009-06-01,2026-01-01,39.98439,"BRIGHTON 2.1 NNW, CO US",0.8498,GHCND:US1COAD0120,METERS,-104.81341
5,1557.8,2009-07-01,2026-01-01,39.971369,"BRIGHTON 4.0 WNW, CO US",0.854,GHCND:US1COAD0123,METERS,-104.868338
6,1628.5,2009-10-01,2026-01-01,39.75166,"AURORA 4.2 NNW, CO US",0.7958,GHCND:US1COAD0127,METERS,-104.85429
7,1647.1,2012-09-01,2026-01-01,39.896369934082,"WESTMINSTER 1.6 NE, CO US",0.9129,GHCND:US1COAD0153,METERS,-105.027557373047
8,1641.3,2013-11-01,2021-08-01,39.7422773,"AURORA 3.0 N, CO US",0.4256,GHCND:US1COAD0154,METERS,-104.819419
9,1523.7,2013-09-01,2021-02-01,39.9790840148926,"BRIGHTON 1.5 NNW, CO US",0.856,GHCND:US1COAD0179,METERS,-104.802780151367
10,1521.0,2014-10-01,2026-01-01,39.983889,"BRIGHTON 1.9 NNW, CO US",0.9776,GHCND:US1COAD0204,METERS,-104.808056
11,1630.1,2021-01-01,2023-07-01,39.947543,"THORNTON 3.9 NNE, CO US",0.0969,GHCND:US1COAD0207,METERS,-104.937969
12,1567.9,2015-08-01,2022-09-01,39.994202,"THORNTON 7.1 N, CO US",0.2209,GHCND:US1COAD0208,METERS,-104.966279
13,1571.9,2015-07-01,2026-01-01,39.96741944,"THORNTON 6.2 NNE, CO US",0.9994,GHCND:US1COAD0216,METERS,-104.8935667
14,1661.5,2017-06-01,2022-12-01,39.848889,"WESTMINSTER 2.3 SSE, CO US",0.5968,GHCND:US1COAD0225,METERS,-105.040307
15,1566.7,2019-07-01,2025-05-01,39.99666667,"THORNTON 7.3 N, CO US",0.6194,GHCND:US1COAD0241,METERS,-104.96888889
16,1642.9,2020-05-01,2021-12-01,39.846944,"WESTMINSTER 2.4 S, CO US",0.998,GHCND:US1COAD0246,METERS,-105.052222
17,1498.4,2020-09-01,2024-07-01,39.9284,"LEADER 5.5 ENE, CO US",1.0,GHCND:US1COAD0247,METERS,-103.9601
18,1502.7,2020-08-01,2024-10-01,39.972005,"ADENA 3.9 SW, CO US",0.9996,GHCND:US1COAD0248,METERS,-103.9311363
19,1436.5,2020-09-01,2025-12-01,39.963457,"ADENA 4.4 SSE, CO US",0.9844,GHCND:US1COAD0249,METERS,-103.839581
20,1618.8,2020-11-01,2023-07-01,39.829938,"WESTMINSTER 3.6 SW, CO US",0.4249,GHCND:US1COAD0250,METERS,-105.048832
21,1620.9,2021-04-01,2026-01-01,39.77209,"STRASBURG 3.1 NNW, CO US",0.9991,GHCND:US1COAD0252,METERS,-104.33135
22,1679.1,2021-04-01,2023-11-01,39.8836103962802,"WESTMINSTER 1.0 E, CO US",0.7188,GHCND:US1COAD0254,METERS,-105.033102214924
23,1694.4,2022-01-01,2022-07-01,39.87733,"FEDERAL HEIGHTS 0.9 NNW, CO US",0.7179,GHCND:US1COAD0259,METERS,-105.022351
24,1614.8,2022-08-01,2023-12-01,39.8268,"WESTMINSTER 4.2 SSE, CO US",0.8226,GHCND:US1COAD0261,METERS,-105.0177
25,1618.8,2022-09-01,2023-02-01,39.897741,"WESTMINSTER 1.3 NNE, CO US",0.5045,GHCND:US1COAD0263,METERS,-105.040514
26,1682.8,2023-05-01,2025-11-01,39.7697,"WATKINS 1.4 NNE, CO US",0.9985,GHCND:US1COAD0267,METERS,-104.59111
27,1568.2,2023-06-01,2023-09-01,39.9973549,"BRIGHTON 3.3 NNE, CO US",0.998,GHCND:US1COAD0268,METERS,-104.7611067
28,1655.4,2024-04-01,2025-05-01,39.895447,"NORTHGLENN 1.6 WSW, CO US",0.9288,GHCND:US1COAD0273,METERS,-105.005094
29,2313.1,2006-08-01,2026-01-01,37.508938,"ALAMOSA 5.8 WNW, CO US",0.6238,GHCND:US1COAM0001,METERS,-105.973592
30,2404.9,2005-04-01,2022-11-01,37.65175,"GREAT SAND DUNES 7.0 SSW, CO US",0.8113,GHCND:US1COAM0010,METERS,-105.57938
31,2301.2,2008-08-01,2025-12-01,37.479538,"ALAMOSA 1.2 NE, CO US",0.9616,GHCND:US1COAM0021,METERS,-105.854837
32,2432.6,2014-06-01,2026-01-01,37.6497,"GREAT SAND DUNES 7.0 SSW, CO US",0.8068,GHCND:US1COAM0029,METERS,-105.5737
33,2725.2,2014-08-01,2024-04-01,37.633665,"GREAT SAND DUNES 7.6 SSW, CO US",1.0,GHCND:US1COAM0032,METERS,-105.548032
34,2542.9,2014-08-01,2023-07-01,37.644195,"MOSCA 17.6 E, CO US",0.713,GHCND:US1COAM0033,METERS,-105.557963
35,2300.3,2017-01-01,2026-01-01,37.478298,"ALAMOSA 1.6 ENE, CO US",0.9999,GHCND:US1COAM0035,METERS,-105.846254
36,2313.4,2020-09-01,2026-01-01,37.530348,"ALAMOSA 6.6 NW, CO US",0.9843,GHCND:US1COAM0036,METERS,-105.966249
37,2338.1,2024-08-01,2025-08-01,37.497039,"ALAMOSA 15.4 E, CO US",0.3074,GHCND:US1COAM0041,METERS,-105.594428
38,1676.4,2002-08-01,2026-01-01,39.6025,"DENVER 9.4 S, CO US",0.9856,GHCND:US1COAR0043,METERS,-104.9762
39,1787.0,2002-09-01,2026-01-01,39.5973,"BENNETT 11.3 SSW, CO US",0.7544,GHCND:US1COAR0071,METERS,-104.468
40,1825.1,2003-10-01,2026-01-01,39.5845,"CENTENNIAL 5.5 E, CO US",0.9923,GHCND:US1COAR0085,METERS,-104.764
41,1730.0,2004-05-01,2025-11-01,39.6693,"AURORA 4.1 S, CO US",0.9806,GHCND:US1COAR0099,METERS,-104.822
42,1683.4,2004-05-01,2026-01-01,39.679172,"DENVER 6.3 SSE, CO US",0.8121,GHCND:US1COAR0105,METERS,-104.880848
43,1686.2,2005-12-01,2026-01-01,39.6055,"CENTENNIAL 3.7 W, CO US",0.942,GHCND:US1COAR0164,METERS,-104.9359
44,1716.6,2009-09-01,2026-01-01,39.575341,"CENTENNIAL 2.0 SW, CO US",0.8882,GHCND:US1COAR0214,METERS,-104.974644
45,1584.4,2022-01-01,2023-11-01,39.69132,"DEER TRAIL 5.2 N, CO US",1.0,GHCND:US1COAR0223,METERS,-104.04843
46,1818.4,2011-09-01,2026-01-01,39.5744,"AURORA 12.4 SSE, CO US",0.8726,GHCND:US1COAR0225,METERS,-104.7122
47,1680.4,2016-05-01,2026-01-01,39.661473,"DENVER 5.1 SSE, CO US",0.8628,GHCND:US1COAR0245,METERS,-104.920657
48,1717.9,2013-01-01,2026-01-01,39.6879234313965,"AURORA 5.7 E, CO US",0.7707,GHCND:US1COAR0249,METERS,-104.706336975098
49,1725.5,2013-06-01,2026-01-01,39.649045,"AURORA 4.0 SSE, CO US",0.5525,GHCND:US1COAR0259,METERS,-104.775765
50,1684.0,2013-06-01,2026-01-01,39.694152,"AURORA 2.1 W, CO US",0.7432,GHCND:US1COAR0262,METERS,-104.852459
51,1748.6,2013-05-01,2026-01-01,39.6470413208008,"AURORA 4.5 SE, CO US",0.9473,GHCND:US1COAR0266,METERS,-104.76244354248
52,1706.6,2013-07-01,2026-01-01,39.694652557373,"AURORA 0.7 WSW, CO US",0.993,GHCND:US1COAR0270,METERS,-104.823860168457
53,1736.8,2013-06-01,2026-01-01,39.652621,"AURORA 3.3 S, CO US",0.9799,GHCND:US1COAR0273,METERS,-104.823675
54,1860.2,2013-06-01,2025-09-01,39.566181,"FOXFIELD 3.7 ESE, CO US",0.3986,GHCND:US1COAR0277,METERS,-104.733371
55,1862.9,2013-09-01,2026-01-01,39.566187,"FOXFIELD 3.7 ESE, CO US",0.9461,GHCND:US1COAR0288,METERS,-104.731684
56,1664.8,2013-08-01,2026-01-01,39.6114196777344,"LITTLETON 1.5 NE, CO US",0.7264,GHCND:US1COAR0290,METERS,-104.996574401855
57,1617.0,2013-09-01,2025-05-01,39.6670844,"ENGLEWOOD 1.4 N, CO US",0.7803,GHCND:US1COAR0292,METERS,-104.9898207
58,1703.8,2015-06-01,2026-01-01,39.6797523498535,"AURORA 2.7 WSW, CO US",0.7965,GHCND:US1COAR0308,METERS,-104.858032226563
59,1795.6,2014-07-01,2021-08-01,39.630333,"AURORA 7.3 SE, CO US",0.8135,GHCND:US1COAR0311,METERS,-104.708427
60,1707.8,2014-08-01,2026-01-01,39.6896248,"AURORA 2.1 ESE, CO US",0.9127,GHCND:US1COAR0313,METERS,-104.7757492
61,1810.8,2016-01-01,2025-12-01,39.605867,"WATKINS 10.0 S, CO US",0.9499,GHCND:US1COAR0314,METERS,-104.611133
62,1832.8,2014-12-01,2022-09-01,39.57402,"AURORA 10.0 SSE, CO US",0.2447,GHCND:US1COAR0319,METERS,-104.716675
63,1756.3,2021-01-01,2021-04-01,39.570286,"LITTLETON 5.0 ESE, CO US",0.7609,GHCND:US1COAR0321,METERS,-104.925979
64,1727.9,2016-06-01,2021-05-01,39.656324,"AURORA 3.4 SSE, CO US",0.4834,GHCND:US1COAR0340,METERS,-104.783009
65,1631.9,2022-04-01,2026-01-01,39.606243,"LITTLETON 1.3 NW, CO US",0.0434,GHCND:US1COAR0344,METERS,-105.034619
66,1643.5,2017-09-01,2021-12-01,39.625715,"LITTLETON 2.5 NNW, CO US",0.3269,GHCND:US1COAR0357,METERS,-105.036803
67,1787.3,2017-12-01,2022-12-01,39.59902,"CENTENNIAL 6.9 E, CO US",0.8359,GHCND:US1COAR0358,METERS,-104.73757
68,1692.9,2018-05-01,2025-01-01,39.67972222,"AURORA 3.2 WSW, CO US",0.481,GHCND:US1COAR0363,METERS,-104.8686111
69,1721.8,2019-01-01,2025-07-01,39.592677,"CENTENNIAL 3.9 W, CO US",0.9749,GHCND:US1COAR0365,METERS,-104.940251
70,1715.7,2018-10-01,2021-12-01,39.626388,"CHERRY CREEK RESERVOIR 2.1 E, CO US",0.9992,GHCND:US1COAR0367,METERS,-104.830593
71,1769.1,2019-05-01,2023-06-01,39.687144,"BENNETT 6.2 SW, CO US",0.08,GHCND:US1COAR0373,METERS,-104.500799
72,1852.9,2020-04-01,2026-01-01,39.6124,"BENNETT 10.8 SSW, CO US",0.671,GHCND:US1COAR0381,METERS,-104.5074
73,1880.3,2020-05-01,2021-11-01,39.5808,"AURORA 10.6 SE, CO US",0.8937,GHCND:US1COAR0384,METERS,-104.6866
74,1750.8,2020-06-01,2025-08-01,39.616431,"CENTENNIAL 4.4 ENE, CO US",0.0952,GHCND:US1COAR0385,METERS,-104.790182
75,1649.0,2020-06-01,2026-01-01,39.594033,"LITTLETON 0.1 ESE, CO US",0.9847,GHCND:US1COAR0386,METERS,-105.011773
76,1869.3,2020-08-01,2023-06-01,39.5672,"AURORA 12.0 SE, CO US",0.4005,GHCND:US1COAR0387,METERS,-104.667
77,1682.8,2023-06-01,2023-07-01,39.5886,"LITTLETON 1.3 ESE, CO US",0.998,GHCND:US1COAR0395,METERS,-104.9919
78,1718.8,2021-08-01,2024-09-01,39.593046,"CENTENNIAL 1.9 W, CO US",0.4735,GHCND:US1COAR0396,METERS,-104.901824
79,1784.9,2022-05-01,2023-09-01,39.62394,"CENTENNIAL 6.8 ENE, CO US",0.8814,GHCND:US1COAR0405,METERS,-104.74423
80,1747.1,2022-05-01,2023-06-01,39.5758117,"STRASBURG 11.4 SSW, CO US",1.0,GHCND:US1COAR0406,METERS,-104.3576083
81,1682.5,2022-06-01,2026-01-01,39.663005,"DENVER 5.1 SSE, CO US",0.7944,GHCND:US1COAR0408,METERS,-104.91523
82,1749.6,2022-07-01,2025-09-01,39.5863419,"CENTENNIAL 1.4 WSW, CO US",0.1537,GHCND:US1COAR0410,METERS,-104.8907526
83,1739.8,2024-01-01,2026-01-01,39.646126,"AURORA 3.8 SSE, CO US",0.7589,GHCND:US1COAR0411,METERS,-104.792973
84,1705.7,2022-08-01,2026-01-01,39.66578,"AURORA 3.3 SE, CO US",0.9987,GHCND:US1COAR0412,METERS,-104.7693842
85,1675.2,2022-09-01,2026-01-01,39.664254,"DENVER 5.0 SSE, CO US",0.9748,GHCND:US1COAR0413,METERS,-104.918015
86,1720.3,2022-08-01,2026-01-01,39.63517,"GREENWOOD VILLAGE 2.1 NE, CO US",0.428,GHCND:US1COAR0414,METERS,-104.883755
87,1743.2,2022-09-01,2024-08-01,39.57052,"CENTENNIAL 3.9 ESE, CO US",0.2915,GHCND:US1COAR0415,METERS,-104.801865
88,1642.0,2022-10-01,2025-03-01,39.61,"LITTLETON 1.1 N, CO US",0.6668,GHCND:US1COAR0420,METERS,-105.0133
89,1673.4,2023-01-01,2026-01-01,39.602704,"LITTLETON 1.4 ENE, CO US",0.9993,GHCND:US1COAR0421,METERS,-104.9906067
90,1795.6,2023-06-01,2026-01-01,39.6125,"AURORA 6.6 SSE, CO US",0.7796,GHCND:US1COAR0422,METERS,-104.76
91,1711.1,2023-08-01,2025-12-01,39.5861,"CENTENNIAL 4.5 W, CO US",0.9985,GHCND:US1COAR0426,METERS,-104.951341
92,1796.5,2023-09-01,2026-01-01,39.5895,"CENTENNIAL 5.5 E, CO US",0.7575,GHCND:US1COAR0428,METERS,-104.76413
93,1746.5,2023-10-01,2026-01-01,39.56677,"FOXFIELD 1.6 SSW, CO US",0.4633,GHCND:US1COAR0430,METERS,-104.80141
94,1828.2,2024-04-01,2026-01-01,39.60124,"AURORA 10.0 SE, CO US",0.4536,GHCND:US1COAR0431,METERS,-104.67438
95,2255.8,2014-06-01,2025-12-01,37.24801,"PAGOSA SPRINGS 1.6 SSW, CO US",0.6689,GHCND:US1COAU0026,METERS,-107.029341
96,2303.7,2021-02-01,2026-01-01,37.2689,"PAGOSA SPRINGS 2.5 W, CO US",0.25,GHCND:US1COAU0028,METERS,-107.0632
97,2286.0,2016-08-01,2025-10-01,37.258668,"PAGOSA SPRINGS 4.9 W, CO US",0.5225,GHCND:US1COAU0030,METERS,-107.106939
98,2179.3,2017-11-01,2022-08-01,37.24996,"PAGOSA SPRINGS 8.8 W, CO US",0.983,GHCND:US1COAU0033,METERS,-107.17619
99,2225.3,2018-07-01,2022-08-01,37.035659,"CHROMO 0.9 WNW, CO US",0.1199,GHCND:US1COAU0036,METERS,-106.844957
100,2208.0,2018-09-01,2026-01-01,37.19117,"PAGOSA SPRINGS 5.8 SSE, CO US",0.9435,GHCND:US1COAU0037,METERS,-106.983315
101,2168.7,2019-01-01,2024-02-01,37.263611,"PAGOSA SPRINGS 0.5 SSE, CO US",0.7585,GHCND:US1COAU0038,METERS,-107.015729
102,2161.0,2018-12-01,2021-07-01,37.147763,"PAGOSA SPRINGS 9.5 SSE, CO US",0.6563,GHCND:US1COAU0039,METERS,-106.937757
103,2274.4,2019-05-01,2022-10-01,37.26539,"PAGOSA SPRINGS 4.5 W, CO US",0.2616,GHCND:US1COAU0041,METERS,-107.10033
104,2225.3,2020-02-01,2026-01-01,37.21487,"PAGOSA SPRINGS 4.5 SSE, CO US",0.9859,GHCND:US1COAU0043,METERS,-106.97586
105,2464.9,2019-11-01,2026-01-01,37.337891,"PAGOSA SPRINGS 7.2 NW, CO US",0.9995,GHCND:US1COAU0045,METERS,-107.116462
106,2410.7,2020-01-01,2026-01-01,37.03755,"CHROMO 3.9 E, CO US",0.7257,GHCND:US1COAU0047,METERS,-106.75925
107,2385.4,2020-01-01,2021-03-01,37.3394,"PAGOSA SPRINGS 5.2 NNW, CO US",0.6675,GHCND:US1COAU0048,METERS,-107.0563
108,2285.4,2020-05-01,2026-01-01,37.2616,"PAGOSA SPRINGS 4.7 E, CO US",0.9991,GHCND:US1COAU0049,METERS,-106.9332
109,2452.1,2020-10-01,2026-01-01,37.33594,"PAGOSA SPRINGS 8.5 WNW, CO US",0.9995,GHCND:US1COAU0053,METERS,-107.14823
110,2285.4,2020-11-01,2026-01-01,37.268591,"PAGOSA SPRINGS 3.2 W, CO US",0.9046,GHCND:US1COAU0054,METERS,-107.076941
111,2571.3,2022-07-01,2023-11-01,37.05342,"CHROMO 5.2 ENE, CO US",0.9989,GHCND:US1COAU0058,METERS,-106.73957
112,2283.6,2022-08-01,2026-01-01,37.26552,"PAGOSA SPRINGS 3.7 W, CO US",0.5707,GHCND:US1COAU0059,METERS,-107.084617
113,2342.1,2022-07-01,2026-01-01,37.332915,"PAGOSA SPRINGS 4.6 NNW, CO US",0.9983,GHCND:US1COAU0060,METERS,-107.046244
114,2483.8,2022-08-01,2024-09-01,37.35652,"PAGOSA SPRINGS 8.5 NW, CO US",0.1537,GHCND:US1COAU0061,METERS,-107.12765
115,2255.5,2022-08-01,2023-04-01,37.3364,"PAGOSA SPRINGS 6.2 NE, CO US",0.7804,GHCND:US1COAU0062,METERS,-106.94373
116,1977.8,2022-10-01,2022-12-01,37.071335,"PAGOSA SPRINGS 14.2 SSW, CO US",0.9925,GHCND:US1COAU0066,METERS,-107.082569
117,2182.7,2022-11-01,2026-01-01,37.216849,"PAGOSA SPRINGS 9.4 WSW, CO US",0.6405,GHCND:US1COAU0068,METERS,-107.17637
118,2203.4,2022-09-01,2026-01-01,37.2714,"PAGOSA SPRINGS 0.7 E, CO US",0.6823,GHCND:US1COAU0069,METERS,-107.0064
119,2267.7,2022-09-01,2026-01-01,37.1945,"PAGOSA SPRINGS 7.6 SE, CO US",0.9748,GHCND:US1COAU0070,METERS,-106.9189
120,2305.2,2022-12-01,2025-08-01,37.204916,"PAGOSA SPRINGS 6.6 SE, CO US",0.212,GHCND:US1COAU0071,METERS,-106.931715
121,2214.1,2023-07-01,2025-10-01,37.194907,"PAGOSA SPRINGS 5.6 SSE, CO US",0.4277,GHCND:US1COAU0073,METERS,-106.97827
122,2310.7,2023-06-01,2026-01-01,37.25727,"PAGOSA SPRINGS 1.6 WSW, CO US",0.6237,GHCND:US1COAU0074,METERS,-107.04291
123,2236.9,2023-08-01,2023-08-01,37.2313967,"PAGOSA SPRINGS 3.0 SSE, CO US",0.9819,GHCND:US1COAU0075,METERS,-106.9945684
124,2370.7,2023-05-01,2025-10-01,37.319443,"PAGOSA SPRINGS 6.8 WNW, CO US",0.6986,GHCND:US1COAU0077,METERS,-107.125681
125,2261.9,2023-06-01,2026-01-01,37.226326,"PAGOSA SPRINGS 5.3 SW, CO US",0.9668,GHCND:US1COAU0078,METERS,-107.096211
126,2307.0,2023-07-01,2026-01-01,37.27632,"PAGOSA SPRINGS 4.7 W, CO US",0.6757,GHCND:US1COAU0079,METERS,-107.10278
127,2244.9,2023-07-01,2025-12-01,37.33491,"PAGOSA SPRINGS 6.1 NE, CO US",0.2329,GHCND:US1COAU0080,METERS,-106.94187
128,2322.0,2024-01-01,2025-08-01,37.283053,"PAGOSA SPRINGS 4.6 WNW, CO US",0.7997,GHCND:US1COAU0081,METERS,-107.099608
129,2212.5,2023-12-01,2025-12-01,37.2732,"PAGOSA SPRINGS 0.2 N, CO US",0.3595,GHCND:US1COAU0082,METERS,-107.01824
130,2293.3,2024-01-01,2025-12-01,37.2195312,"PAGOSA SPRINGS 4.6 SW, CO US",0.8328,GHCND:US1COAU0084,METERS,-107.0726395
131,2508.5,2024-07-01,2024-08-01,37.290679,"PAGOSA SPRINGS 6.7 ENE, CO US",0.9819,GHCND:US1COAU0085,METERS,-106.899515
132,2094.9,2024-06-01,2026-01-01,37.14346,"PAGOSA SPRINGS 9.0 SSE, CO US",0.6986,GHCND:US1COAU0086,METERS,-106.98233
133,2463.7,2024-07-01,2026-01-01,37.04916,"CHROMO 5.9 ENE, CO US",0.6822,GHCND:US1COAU0087,METERS,-106.72662
134,1278.9,2006-04-01,2025-10-01,37.178184,"CAMPO 7.8 NE, CO US",0.9147,GHCND:US1COBA0009,METERS,-102.470756
135,1475.8,2006-10-01,2024-04-01,37.483291,"DEORA 10.7 SW, CO US",0.8057,GHCND:US1COBA0019,METERS,-103.072413
136,1333.8,2010-03-01,2026-01-01,37.4113655,"SPRINGFIELD 0.5 NW, CO US",0.9682,GHCND:US1COBA0023,METERS,-102.6226379
137,1214.9,2004-03-01,2026-01-01,38.1408,"LAS ANIMAS 8.1 NE, CO US",0.479,GHCND:US1COBN0008,METERS,-103.1058
138,1185.1,2023-08-01,2026-01-01,38.09148,"LAS ANIMAS 7.5 ENE, CO US",0.5655,GHCND:US1COBN0032,METERS,-103.09204
139,1663.9,2001-06-01,2026-01-01,39.935,"BROOMFIELD 1.2 NE, CO US",0.8816,GHCND:US1COBO0002,METERS,-105.0845
140,1645.0,2001-06-01,2026-01-01,39.9941,"BOULDER 2.9 S, CO US",0.9965,GHCND:US1COBO0004,METERS,-105.2573
141,1610.9,2001-05-01,2026-01-01,39.9925,"LAFAYETTE 0.4 WSW, CO US",0.9425,GHCND:US1COBO0008,METERS,-105.1057
142,1663.0,2001-07-01,2026-01-01,40.0311,"BOULDER 1.4 NNW, CO US",0.8032,GHCND:US1COBO0009,METERS,-105.2883
143,1667.9,2001-08-01,2026-01-01,39.9922,"BOULDER 1.6 S, CO US",0.9964,GHCND:US1COBO0014,METERS,-105.2647
144,1599.9,2001-06-01,2025-11-01,39.9914,"LAFAYETTE 0.2 S, CO US",0.5272,GHCND:US1COBO0018,METERS,-105.098
145,2577.1,2001-07-01,2024-11-01,40.1869,"ALLENS PARK 1.5 ESE, CO US",0.765,GHCND:US1COBO0022,METERS,-105.5002
146,1636.2,2001-08-01,2026-01-01,39.9915,"BOULDER 1.9 SE, CO US",0.9964,GHCND:US1COBO0030,METERS,-105.2403
147,2401.8,2002-07-01,2026-01-01,39.97141,"NEDERLAND 5.8 E, CO US",0.9574,GHCND:US1COBO0057,METERS,-105.39681
148,1623.1,2003-01-01,2026-01-01,39.999614,"BOULDER 4.7 E, CO US",0.7653,GHCND:US1COBO0067,METERS,-105.179377
149,1638.9,2002-10-01,2026-01-01,40.0242,"BOULDER 1.3 NW, CO US",0.9998,GHCND:US1COBO0072,METERS,-105.2689
150,2546.6,2002-06-01,2026-01-01,39.993875,"NEDERLAND 2.61 NNE, CO US",0.7675,GHCND:US1COBO0075,METERS,-105.484972
151,1581.9,2002-09-01,2026-01-01,40.0786,"NIWOT 1.8 SSW, CO US",0.5231,GHCND:US1COBO0076,METERS,-105.1808
152,1545.0,2003-08-01,2025-10-01,40.1951,"LONGMONT 2.6 NW, CO US",0.9025,GHCND:US1COBO0084,METERS,-105.1323
153,2541.1,2004-03-01,2023-09-01,39.9588,"NEDERLAND .47 ESE, CO US",0.4383,GHCND:US1COBO0092,METERS,-105.5026
154,1574.9,2003-09-01,2022-09-01,40.1998,"HYGIENE .79 N, CO US",0.6114,GHCND:US1COBO0099,METERS,-105.1785
155,2567.0,2003-05-01,2026-01-01,39.977077,"NEDERLAND 4.3 ENE, CO US",0.8386,GHCND:US1COBO0110,METERS,-105.425978
156,1521.9,2007-11-01,2026-01-01,40.1853,"LONGMONT 2.4 NE, CO US",0.2009,GHCND:US1COBO0117,METERS,-105.0636
157,1605.1,2006-12-01,2023-12-01,40.0132,"BOULDER 3.0 E, CO US",0.5024,GHCND:US1COBO0120,METERS,-105.2064
158,1681.0,2004-06-01,2024-04-01,39.9873,"BOULDER 5.4 ESE, CO US",0.8494,GHCND:US1COBO0135,METERS,-105.1703
159,1975.1,2004-05-01,2026-01-01,40.249444,"LYONS 1.8 N, CO US",0.8734,GHCND:US1COBO0137,METERS,-105.264583
160,1538.9,2001-04-01,2026-01-01,40.2001,"LONGMONT 2.1 N, CO US",0.9898,GHCND:US1COBO0143,METERS,-105.1087
161,1645.6,2001-06-01,2026-01-01,40.226333,"LYONS 0.3 NNE, CO US",0.9998,GHCND:US1COBO0146,METERS,-105.266667
162,1542.9,2001-07-01,2022-10-01,40.1945,"LONGMONT 1.7 NNE, CO US",0.871,GHCND:US1COBO0149,METERS,-105.0905
163,2104.9,2004-10-01,2022-01-01,40.0395,"BOULDER 3.6 WNW, CO US",0.2836,GHCND:US1COBO0159,METERS,-105.3275
164,1709.0,2004-06-01,2025-09-01,40.0613,"BOULDER 3.0 NNW, CO US",0.4219,GHCND:US1COBO0164,METERS,-105.2858
165,1605.1,2004-07-01,2021-07-01,40.0124,"BOULDER 1.8 ESE, CO US",0.917,GHCND:US1COBO0165,METERS,-105.2307
166,1553.0,2006-05-01,2026-01-01,40.1439,"LONGMONT 4.0 WSW, CO US",0.2362,GHCND:US1COBO0171,METERS,-105.1782
167,2609.1,2005-07-01,2026-01-01,40.1103,"WARD 4.6 NE, CO US",0.9997,GHCND:US1COBO0202,METERS,-105.4391
168,1606.9,2006-06-01,2026-01-01,40.0591,"BOULDER 4.7 ENE, CO US",0.8769,GHCND:US1COBO0220,METERS,-105.1717
169,1611.5,2006-07-01,2026-01-01,40.017156,"LAFAYETTE 2.5 NW, CO US",0.9742,GHCND:US1COBO0222,METERS,-105.135335
170,1591.1,2006-09-01,2021-12-01,40.01385,"LOUISVILLE 3.5 NNW, CO US",0.0435,GHCND:US1COBO0224,METERS,-105.17
171,2370.1,2013-06-01,2026-01-01,40.080244,"BOULDER 6.8 WNW, CO US",0.5196,GHCND:US1COBO0230,METERS,-105.359066
172,2523.1,2007-02-01,2026-01-01,39.973281,"NEDERLAND 4.2 E, CO US",0.693,GHCND:US1COBO0233,METERS,-105.427878
173,1573.1,2007-09-01,2026-01-01,40.102041,"NIWOT 2.3 W, CO US",0.8867,GHCND:US1COBO0248,METERS,-105.198728
174,1609.6,2008-08-01,2026-01-01,39.989316,"LAFAYETTE 0.8 WSW, CO US",0.9332,GHCND:US1COBO0266,METERS,-105.11106
175,1575.5,2008-12-01,2022-10-01,40.03737,"ERIE 1.9 WNW, CO US",0.5868,GHCND:US1COBO0271,METERS,-105.079923
176,1658.1,2012-01-01,2024-08-01,39.964607,"BOULDER 4.4 S, CO US",0.4473,GHCND:US1COBO0282,METERS,-105.236213
177,1563.9,2010-04-01,2026-01-01,40.0414439,"ERIE 1.7 WNW, CO US",0.9681,GHCND:US1COBO0285,METERS,-105.0729374
178,1695.0,2010-05-01,2026-01-01,39.977,"BOULDER 3.5 S, CO US",0.9996,GHCND:US1COBO0286,METERS,-105.2576
179,1604.5,2010-11-01,2026-01-01,40.0176745,"LAFAYETTE 2.3 NW, CO US",0.8141,GHCND:US1COBO0290,METERS,-105.1287757
180,2491.4,2011-04-01,2026-01-01,39.9892,"NEDERLAND 3.7 ENE, CO US",0.4212,GHCND:US1COBO0296,METERS,-105.445
181,1643.2,2012-04-01,2026-01-01,39.99083,"BOULDER 2.5 S, CO US",0.9455,GHCND:US1COBO0298,METERS,-105.2557
182,2450.6,2012-07-01,2025-12-01,39.96605,"NEDERLAND 0.4 WNW, CO US",0.7838,GHCND:US1COBO0322,METERS,-105.51248
183,1544.4,2012-09-01,2022-02-01,40.1439944,"LONGMONT 3.8 WSW, CO US",0.2633,GHCND:US1COBO0331,METERS,-105.1736708
184,1677.0,2013-05-01,2021-05-01,39.983686,"LOUISVILLE 1.2 NNW, CO US",0.773,GHCND:US1COBO0342,METERS,-105.1492
185,2147.3,2013-04-01,2026-01-01,40.08386667,"JAMESTOWN 2.5 SSE, CO US",0.8633,GHCND:US1COBO0343,METERS,-105.3689333
186,1638.6,2021-09-01,2025-08-01,40.0027,"LAFAYETTE 2.3 WNW, CO US",0.6667,GHCND:US1COBO0351,METERS,-105.141
187,1542.3,2013-05-01,2026-01-01,40.1848,"LONGMONT 1.8 ENE, CO US",0.9473,GHCND:US1COBO0352,METERS,-105.082
188,2519.5,2014-02-01,2026-01-01,39.99498,"NEDERLAND 2.8 NE, CO US",0.9236,GHCND:US1COBO0355,METERS,-105.474262
189,1528.3,2013-11-01,2026-01-01,40.1697006,"LONGMONT 1.8 E, CO US",0.9726,GHCND:US1COBO0361,METERS,-105.077935
190,2593.8,2014-05-01,2026-01-01,39.9389,"PINECLIFFE 2.5 WNW, CO US",0.4962,GHCND:US1COBO0378,METERS,-105.4749
191,1657.8,2014-07-01,2026-01-01,40.0239,"BOULDER 2.0 W, CO US",0.7981,GHCND:US1COBO0380,METERS,-105.2893
192,1693.2,2015-01-01,2024-02-01,40.0313,"BOULDER 2.2 W, CO US",0.3547,GHCND:US1COBO0391,METERS,-105.292389
193,2587.1,2016-06-01,2025-11-01,40.2326571196318,"ALLENSPARK 2.3 N, CO US",0.4824,GHCND:US1COBO0394,METERS,-105.527498424053
194,1752.0,2015-05-01,2026-01-01,40.129082,"BOULDER 7.4 NNW, CO US",0.1627,GHCND:US1COBO0401,METERS,-105.289947
195,1605.1,2016-05-01,2026-01-01,40.010224,"BOULDER 1.4 SE, CO US",0.7773,GHCND:US1COBO0409,METERS,-105.235447
196,1644.7,2017-06-01,2025-07-01,39.994441,"BOULDER 2.3 S, CO US",0.0714,GHCND:US1COBO0426,METERS,-105.255429
197,1535.0,2017-07-01,2026-01-01,40.1404,"LONGMONT 3.0 SW, CO US",0.8344,GHCND:US1COBO0435,METERS,-105.149
198,1677.0,2017-07-01,2026-01-01,40.027256,"BOULDER 2.1 W, CO US",0.7665,GHCND:US1COBO0437,METERS,-105.291319
199,1579.5,2017-07-01,2021-07-01,40.0589,"BOULDER 4.2 ENE, CO US",0.8568,GHCND:US1COBO0443,METERS,-105.18444
200,1706.3,2017-06-01,2025-12-01,40.04439,"BOULDER 2.2 NW, CO US",0.7279,GHCND:US1COBO0452,METERS,-105.28519
201,1574.3,2017-08-01,2024-05-01,40.0361,"ERIE 1.7 WNW, CO US",0.9634,GHCND:US1COBO0455,METERS,-105.0772
202,1663.3,2017-08-01,2026-01-01,39.99698,"BOULDER 2.2 SSW, CO US",0.9408,GHCND:US1COBO0456,METERS,-105.26717
203,1607.8,2018-01-01,2026-01-01,40.03176389,"BOULDER 0.7 ENE, CO US",0.5257,GHCND:US1COBO0457,METERS,-105.23972222
204,1611.5,2017-08-01,2026-01-01,40.03445,"BOULDER 0.8 NE, CO US",0.8722,GHCND:US1COBO0462,METERS,-105.24074
205,1669.1,2017-07-01,2022-11-01,39.98062,"BOULDER 3.2 S, CO US",0.5383,GHCND:US1COBO0464,METERS,-105.249726
206,1671.5,2017-07-01,2026-01-01,40.0456,"BOULDER 1.8 NW, CO US",0.9994,GHCND:US1COBO0465,METERS,-105.275351
207,1635.9,2017-07-01,2026-01-01,39.9917,"LOUISVILLE 1.6 NNE, CO US",0.8247,GHCND:US1COBO0468,METERS,-105.1336
208,1586.2,2017-07-01,2026-01-01,40.0739,"NIWOT 2.2 SW, CO US",0.815,GHCND:US1COBO0469,METERS,-105.186
209,1595.9,2017-08-01,2024-11-01,40.01647,"ERIE 2.7 WSW, CO US",0.6476,GHCND:US1COBO0471,METERS,-105.09493
210,1653.5,2023-06-01,2023-06-01,40.02404,"BOULDER 1.3 W, CO US",1.0,GHCND:US1COBO0472,METERS,-105.27598
211,1623.7,2017-09-01,2026-01-01,40.00675,"BOULDER 2.9 ESE, CO US",0.5147,GHCND:US1COBO0476,METERS,-105.2021
212,1630.1,2017-07-01,2026-01-01,40.060123,"BOULDER 2.3 N, CO US",0.9121,GHCND:US1COBO0477,METERS,-105.243721
213,1537.7,2017-08-01,2025-05-01,40.108589,"NIWOT 1.0 NNE, CO US",0.1596,GHCND:US1COBO0479,METERS,-105.146366
214,1669.1,2017-08-01,2025-09-01,39.975983,"BOULDER 3.6 SSE, CO US",0.3367,GHCND:US1COBO0481,METERS,-105.237104
215,1985.8,2019-10-01,2025-09-01,40.036253,"BOULDER 4.5 W, CO US",0.8331,GHCND:US1COBO0482,METERS,-105.335719
216,1650.2,2017-12-01,2026-01-01,40.03595,"BOULDER 1.5 WNW, CO US",0.8772,GHCND:US1COBO0490,METERS,-105.27661
217,1654.1,2017-12-01,2025-11-01,40.02958,"BOULDER 1.8 W, CO US",0.6875,GHCND:US1COBO0491,METERS,-105.28524
218,1720.0,2018-04-01,2025-08-01,40.0011,"BOULDER 2.5 SW, CO US",0.1235,GHCND:US1COBO0494,METERS,-105.28342
219,1637.4,2018-04-01,2025-09-01,40.04725,"BOULDER 1.5 NNW, CO US",0.7221,GHCND:US1COBO0496,METERS,-105.25798
220,1624.0,2018-09-01,2025-08-01,40.002951,"LAFAYETTE 1.3 WNW, CO US",0.4642,GHCND:US1COBO0504,METERS,-105.119328
221,1542.9,2018-09-01,2026-01-01,40.140497,"LONGMONT 3.3 SW, CO US",0.9996,GHCND:US1COBO0507,METERS,-105.158107
222,1668.8,2019-06-01,2021-12-01,40.00272,"BOULDER 2.4 SW, CO US",0.5476,GHCND:US1COBO0514,METERS,-105.28394
223,1568.5,2019-09-01,2026-01-01,40.032219,"ERIE 2.2 W, CO US",0.4154,GHCND:US1COBO0518,METERS,-105.087402
224,1643.5,2020-01-01,2026-01-01,40.0305,"BOULDER 1.4 W, CO US",0.7394,GHCND:US1COBO0521,METERS,-105.2762
225,1617.6,2019-08-01,2026-01-01,39.9967,"BOULDER 2.3 SSE, CO US",0.8839,GHCND:US1COBO0522,METERS,-105.2345
226,1645.9,2020-08-01,2025-11-01,39.991461,"BOULDER 2.5 SSE, CO US",0.5625,GHCND:US1COBO0526,METERS,-105.241311
227,1595.6,2019-11-01,2024-01-01,39.98734,"LAFAYETTE 0.5 SSW, CO US",0.98,GHCND:US1COBO0527,METERS,-105.100235
228,1536.8,2020-04-01,2024-01-01,40.197663,"LONGMONT 2.4 NE, CO US",0.1738,GHCND:US1COBO0528,METERS,-105.079862
229,1535.9,2020-03-01,2025-06-01,40.169278,"LONGMONT 0.4 SW, CO US",0.9531,GHCND:US1COBO0531,METERS,-105.116841
230,1573.4,2020-04-01,2025-11-01,40.245587,"LONGMONT 5.4 NNW, CO US",0.794,GHCND:US1COBO0532,METERS,-105.147619
231,1693.8,2020-04-01,2022-05-01,39.9778,"BOULDER 3.4 S, CO US",0.8466,GHCND:US1COBO0533,METERS,-105.2569
232,1634.6,2020-05-01,2024-10-01,39.99267,"BOULDER 2.4 S, CO US",0.2405,GHCND:US1COBO0535,METERS,-105.2423
233,1586.5,2020-07-01,2026-01-01,40.05865,"BOULDER 3.1 NE, CO US",0.9843,GHCND:US1COBO0538,METERS,-105.20835
234,1535.9,2021-01-01,2026-01-01,40.200799,"LONGMONT 2.5 NE, CO US",0.9671,GHCND:US1COBO0540,METERS,-105.080848
235,2542.3,2020-11-01,2021-08-01,40.003056,"NEDERLAND 3.1 NNE, CO US",0.6007,GHCND:US1COBO0541,METERS,-105.480833
236,1548.1,2020-11-01,2023-06-01,40.194216,"LONGMONT 1.9 NW, CO US",0.8455,GHCND:US1COBO0542,METERS,-105.133733
237,1530.1,2020-10-01,2023-03-01,40.115335,"LONGMONT 4.7 SSE, CO US",0.7676,GHCND:US1COBO0543,METERS,-105.063282
238,2570.7,2021-01-01,2021-04-01,40.1904196,"ALLENSPARK 1.8 ESE, CO US",1.0,GHCND:US1COBO0546,METERS,-105.4886776
239,1627.6,2021-06-01,2026-01-01,40.05043,"BOULDER 1.7 N, CO US",0.4282,GHCND:US1COBO0547,METERS,-105.24558
240,1525.2,2021-07-01,2021-08-01,40.168809,"LONGMONT 0.4 SE, CO US",0.9819,GHCND:US1COBO0551,METERS,-105.106944
241,1604.5,2021-08-01,2024-01-01,40.061944,"BOULDER 4.8 ENE, CO US",0.3663,GHCND:US1COBO0552,METERS,-105.173703
242,1591.4,2021-12-01,2025-09-01,39.99595,"LAFAYETTE 0.5 ENE, CO US",0.5218,GHCND:US1COBO0557,METERS,-105.088996
243,1709.6,2022-01-01,2025-08-01,40.059659,"BOULDER 3.0 NW, CO US",0.6592,GHCND:US1COBO0558,METERS,-105.287075
244,1551.1,2022-03-01,2025-10-01,40.041829,"BOULDER 5.5 E, CO US",0.6582,GHCND:US1COBO0560,METERS,-105.14857
245,2022.0,2022-04-01,2026-01-01,40.0441,"BOULDER 3.7 WNW, CO US",0.8684,GHCND:US1COBO0563,METERS,-105.3164
246,1622.1,2022-05-01,2025-11-01,40.003311,"BOULDER 4.5 ESE, CO US",0.6041,GHCND:US1COBO0565,METERS,-105.172197
247,1653.8,2022-05-01,2026-01-01,40.0402,"BOULDER 1.6 NW, CO US",0.9539,GHCND:US1COBO0568,METERS,-105.2763
248,2605.1,2022-07-01,2022-08-01,40.20055556,"ALLENSPARK 0.9 W, CO US",0.9819,GHCND:US1COBO0570,METERS,-105.53777778
249,1542.9,2022-07-01,2026-01-01,40.15194,"LONGMONT 3.1 WSW, CO US",0.9055,GHCND:US1COBO0571,METERS,-105.1644
250,1731.6,2022-08-01,2025-11-01,39.984602,"BOULDER 3.0 SSW, CO US",0.7247,GHCND:US1COBO0572,METERS,-105.267235
251,1622.8,2022-11-01,2022-11-01,40.007764,"BOULDER 6.0 ESE, CO US",1.0,GHCND:US1COBO0574,METERS,-105.139577
252,1664.2,2022-10-01,2023-02-01,39.929374,"SUPERIOR 0.6 E, CO US",0.4031,GHCND:US1COBO0576,METERS,-105.142842
253,1520.6,2023-01-01,2026-01-01,40.166916,"LONGMONT 2.8 E, CO US",0.9993,GHCND:US1COBO0581,METERS,-105.059655
254,1654.5,2023-01-01,2026-01-01,39.98454,"BOULDER 2.9 S, CO US",0.9453,GHCND:US1COBO0583,METERS,-105.24577
255,2632.6,2023-07-01,2024-09-01,40.2338510655,"MEEKER PARK 0.5 NW, CO US",0.1994,GHCND:US1COBO0585,METERS,-105.53698185619
256,1559.4,2023-06-01,2023-09-01,40.045,"LAFAYETTE 3.6 NNE, CO US",0.998,GHCND:US1COBO0586,METERS,-105.083
257,1617.6,2023-06-01,2023-09-01,40.16917,"LONGMONT 6.7 W, CO US",0.7484,GHCND:US1COBO0591,METERS,-105.2376
258,1530.7,2023-07-01,2026-01-01,40.1798,"LONGMONT 2.3 ENE, CO US",0.74,GHCND:US1COBO0593,METERS,-105.0682
259,1609.3,2024-04-01,2026-01-01,40.00528,"BOULDER 1.9 SE, CO US",0.998,GHCND:US1COBO0596,METERS,-105.23029
260,1593.2,2024-04-01,2025-09-01,40.060237,"BOULDER 4.6 ENE, CO US",0.7221,GHCND:US1COBO0597,METERS,-105.176674
261,1613.0,2024-04-01,2026-01-01,39.9907,"LAFAYETTE 0.7 WSW, CO US",0.998,GHCND:US1COBO0599,METERS,-105.1103
262,1731.6,2024-05-01,2024-10-01,39.970015,"BOULDER 4.0 S, CO US",0.8271,GHCND:US1COBO0601,METERS,-105.258417
263,1639.8,2024-07-01,2025-06-01,40.049977,"BOULDER 1.6 N, CO US",0.5003,GHCND:US1COBO0606,METERS,-105.255704
264,1535.0,2024-07-01,2026-01-01,40.196111,"LONGMONT 2.2 NE, CO US",0.5248,GHCND:US1COBO0607,METERS,-105.083111
265,1597.5,2017-08-01,2026-01-01,39.9221496582031,"BROOMFIELD 2.2 SE, CO US",0.8918,GHCND:US1COBR0031,METERS,-105.031883239746
266,1594.4,2013-12-01,2026-01-01,39.9881439208984,"BROOMFIELD 3.2 NNE, CO US",0.8833,GHCND:US1COBR0032,METERS,-105.045303344727
267,1608.7,2016-04-01,2025-05-01,39.926408,"BROOMFIELD 1.8 SE, CO US",0.1364,GHCND:US1COBR0039,METERS,-105.037874
268,1640.1,2016-08-01,2023-05-01,39.932243347168,"BROOMFIELD 0.9 SSW, CO US",1.0,GHCND:US1COBR0040,METERS,-105.068183898926
269,1659.3,2020-04-01,2022-04-01,39.934429,"BROOMFIELD 1.3 WSW, CO US",0.4005,GHCND:US1COBR0049,METERS,-105.082961
270,1662.4,2021-02-01,2021-12-01,39.92922,"BROOMFIELD 2.7 WSW, CO US",0.9113,GHCND:US1COBR0051,METERS,-105.10916
271,1626.1,2021-04-01,2026-01-01,39.95454,"BROOMFIELD 1.0 NE, CO US",0.9474,GHCND:US1COBR0052,METERS,-105.050009
272,1591.4,2021-08-01,2026-01-01,39.9256,"BROOMFIELD 2.4 ESE, CO US",0.9807,GHCND:US1COBR0054,METERS,-105.0223
273,1728.2,2022-10-01,2026-01-01,39.889686,"SUPERIOR 2.8 S, CO US",0.9738,GHCND:US1COBR0055,METERS,-105.143812
274,1601.7,2024-04-01,2025-09-01,39.9175722,"BROOMFIELD 2.3 SE, CO US",0.8887,GHCND:US1COBR0057,METERS,-105.0356437
275,1640.7,2024-08-01,2025-11-01,39.92447,"BROOMFIELD 1.7 SW, CO US",0.625,GHCND:US1COBR0059,METERS,-105.08102
276,2468.0,2002-05-01,2026-01-01,39.61,"EVERGREEN 6.5 WSW, CO US",0.9541,GHCND:US1COCC0001,METERS,-105.44
277,2374.1,2002-08-01,2026-01-01,39.6391,"EVERGREEN 5 W, CO US",0.9147,GHCND:US1COCC0002,METERS,-105.4128
278,2987.0,2004-01-01,2025-06-01,39.6782,"IDAHO SPRINGS 4.7 SSE, CO US",0.1085,GHCND:US1COCC0007,METERS,-105.4735
279,2340.3,2007-04-01,2026-01-01,39.639679,"EVERGREEN 3.5 W, CO US",0.7785,GHCND:US1COCC0018,METERS,-105.40679
280,2417.7,2012-10-01,2026-01-01,39.6474494934082,"EVERGREEN 3.4 WNW, CO US",0.8623,GHCND:US1COCC0022,METERS,-105.404479980469
281,2781.3,2022-05-01,2026-01-01,39.788611,"DUMONT 2.0 WNW, CO US",0.7987,GHCND:US1COCC0032,METERS,-105.635556
282,2581.4,2022-11-01,2025-10-01,39.688169,"EVERGREEN 5.4 NW, CO US",0.1389,GHCND:US1COCC0033,METERS,-105.416098
283,2582.9,2004-04-01,2025-04-01,38.9606,"BUENA VISTA 8.9 NNW, CO US",0.585,GHCND:US1COCF0005,METERS,-106.2029
284,2450.9,2004-04-01,2026-01-01,38.8543,"BUENA VISTA 1.5 WNW, CO US",0.2748,GHCND:US1COCF0006,METERS,-106.1556
285,2168.0,2009-07-01,2021-07-01,38.5385,"SALIDA 0.3 NNW, CO US",0.0965,GHCND:US1COCF0014,METERS,-106.0018
286,2489.9,2004-12-01,2021-04-01,38.6198,"SALIDA 9.1 NW, CO US",0.8682,GHCND:US1COCF0015,METERS,-106.1286
287,2479.9,2005-05-01,2024-02-01,38.7301,"NATHROP 3.3 WSW, CO US",0.4911,GHCND:US1COCF0019,METERS,-106.1328
288,2567.9,2005-05-01,2021-07-01,38.5432444,"MAYSVILLE 2.2 NE, CO US",0.9486,GHCND:US1COCF0020,METERS,-106.1923972
289,2685.0,2006-07-01,2026-01-01,38.8579,"BUENA VISTA 4.0 WNW, CO US",0.8083,GHCND:US1COCF0025,METERS,-106.2085
290,2463.1,2012-06-01,2024-08-01,38.8362,"BUENA VISTA 0.8 WNW, CO US",0.1836,GHCND:US1COCF0035,METERS,-106.1561
291,2500.3,2014-07-01,2025-08-01,38.626352,"SALIDA 9.2 NW, CO US",0.9251,GHCND:US1COCF0041,METERS,-106.119779
292,2453.0,2018-01-01,2026-01-01,38.83727,"BUENA VISTA 0.6 WNW, CO US",0.7009,GHCND:US1COCF0053,METERS,-106.15058
293,2425.0,2017-12-01,2026-01-01,38.716,"NATHROP 1.9 WSW, CO US",0.8772,GHCND:US1COCF0054,METERS,-106.1105
294,2311.6,2017-12-01,2026-01-01,38.5089,"SALIDA 1.8 SSW, CO US",0.9078,GHCND:US1COCF0055,METERS,-106.0147
295,2401.5,2019-08-01,2021-12-01,38.818233,"BUENA VISTA 1.9 ESE, CO US",0.7919,GHCND:US1COCF0064,METERS,-106.10848
296,,2019-12-01,2026-01-01,38.820152,"BUENA VISTA 2.0 ESE, CO US",0.9858,GHCND:US1COCF0065,,-106.107433
297,2466.1,2021-07-01,2026-01-01,38.682622,"NATHROP 3.5 SSW, CO US",0.6719,GHCND:US1COCF0067,METERS,-106.1024
298,2678.0,2022-07-01,2022-11-01,38.865355,"BUENA VISTA 4.0 NW, CO US",0.9947,GHCND:US1COCF0070,METERS,-106.20349
299,1303.9,2008-10-01,2026-01-01,38.821814,"CHEYENNE WELLS 0.7 WNW, CO US",0.995,GHCND:US1COCH0031,METERS,-102.363623
300,1306.4,2022-09-01,2024-07-01,38.767033,"KIT CARSON 0.3 N, CO US",0.4348,GHCND:US1COCH0032,METERS,-102.795133
301,2359.8,2016-12-01,2026-01-01,37.294623,"CAPULIN 2.9 ENE, CO US",0.9907,GHCND:US1COCN0006,METERS,-106.069855
302,2330.2,2018-10-01,2022-07-01,37.327393,"LA JARA 4.9 NW, CO US",0.0435,GHCND:US1COCN0008,METERS,-106.019613
303,1361.2,2022-10-01,2025-11-01,38.371837,"SUGAR CITY 9.6 N, CO US",0.9208,GHCND:US1COCR0007,METERS,-103.663116
304,2477.1,2008-09-01,2021-01-01,37.084968,"SAN LUIS 8.8 SW, CO US",0.9596,GHCND:US1COCS0012,METERS,-105.496345
305,2366.5,2015-05-01,2023-08-01,37.435296,"BLANCA 0.3 S, CO US",0.7597,GHCND:US1COCS0019,METERS,-105.512341
306,2908.1,2018-11-01,2026-01-01,37.44916667,"FORT GARLAND 13.3 E, CO US",0.5975,GHCND:US1COCS0031,METERS,-105.1891666
307,2741.4,2019-01-01,2025-08-01,37.50533333,"FORT GARLAND 12.9 ENE, CO US",0.5625,GHCND:US1COCS0032,METERS,-105.214
308,2626.2,2024-07-01,2026-01-01,37.487113,"FORT GARLAND 7.0 NE, CO US",0.6297,GHCND:US1COCS0035,METERS,-105.324251
309,2555.4,2011-09-01,2026-01-01,38.196317,"WESTCLIFFE 8.4 WNW, CO US",0.7802,GHCND:US1COCU0025,METERS,-105.597967
310,2647.2,2013-08-01,2026-01-01,38.1765782833099,"WESTCLIFFE 8.7 ENE, CO US",0.7131,GHCND:US1COCU0026,METERS,-105.314146801829
311,2647.2,2014-01-01,2021-05-01,38.1195,"WESTCLIFFE 6.2 W, CO US",1.0,GHCND:US1COCU0028,METERS,-105.5777
312,2371.3,2019-01-01,2025-10-01,38.216202,"WESTCLIFFE 7.4 NW, CO US",0.8048,GHCND:US1COCU0032,METERS,-105.551868
313,2891.0,2019-09-01,2021-01-01,38.06097,"WETMORE 12.2 SSW, CO US",0.3519,GHCND:US1COCU0033,METERS,-105.14366
314,2418.6,2019-05-01,2026-01-01,38.14047,"WESTCLIFFE 0.6 NNE, CO US",0.9496,GHCND:US1COCU0036,METERS,-105.45961
315,2393.6,2020-10-01,2026-01-01,38.138749,"WESTCLIFFE 0.6 NW, CO US",0.9995,GHCND:US1COCU0038,METERS,-105.472478
316,2416.5,2022-08-01,2023-11-01,38.131053,"WESTCLIFFE 0.4 ESE, CO US",1.0,GHCND:US1COCU0039,METERS,-105.457705
317,1951.0,2003-05-01,2026-01-01,39.4254,"FRANKTOWN 3.5 NE, CO US",0.9741,GHCND:US1CODG0030,METERS,-104.7043
318,1790.1,2003-09-01,2021-09-01,39.5531,"LITTLETON 7.7 ESE, CO US",0.8756,GHCND:US1CODG0032,METERS,-104.8954
319,1933.0,2005-02-01,2026-01-01,39.3475,"CASTLE ROCK 1.7 SSW, CO US",0.9207,GHCND:US1CODG0062,METERS,-104.8649
320,1964.1,2005-05-01,2026-01-01,39.48285,"BEVERLY HILLS 2.0 WNW, CO US",0.5621,GHCND:US1CODG0067,METERS,-104.91168
321,1805.9,2004-08-01,2025-06-01,39.5404,"HIGHLANDS RANCH 3.2 ESE, CO US",0.9762,GHCND:US1CODG0074,METERS,-104.9123
322,1865.7,2007-04-01,2024-07-01,39.513668,"LONE TREE 2.0 SW, CO US",0.524,GHCND:US1CODG0133,METERS,-104.908465
323,1963.5,2009-11-01,2026-01-01,39.450642,"PARKER 5.2 SE, CO US",0.7691,GHCND:US1CODG0149,METERS,-104.703752
324,1744.7,2010-04-01,2024-10-01,39.525577,"HIGHLANDS RANCH 2.8 SW, CO US",0.2228,GHCND:US1CODG0152,METERS,-105.006016
325,1986.7,2021-03-01,2021-07-01,39.461036,"CASTLE PINES 2.2 NNE, CO US",0.9947,GHCND:US1CODG0157,METERS,-104.891829
326,1836.4,2010-10-01,2026-01-01,39.498424,"PARKER 2.0 WSW, CO US",0.8748,GHCND:US1CODG0158,METERS,-104.798791
327,1983.3,2011-01-01,2024-12-01,39.38725,"FRANKTOWN 2.1 ENE, CO US",0.9344,GHCND:US1CODG0162,METERS,-104.71272
328,1855.9,2012-08-01,2023-06-01,39.4258057,"CASTLE ROCK 3.9 NW, CO US",0.1374,GHCND:US1CODG0164,METERS,-104.8931234
329,1763.9,2012-03-01,2023-10-01,39.561603,"HIGHLANDS RANCH 1.1 ENE, CO US",0.4928,GHCND:US1CODG0165,METERS,-104.950314
330,1919.0,2011-07-01,2026-01-01,39.3315205,"SEDALIA 6.8 S, CO US",0.971,GHCND:US1CODG0167,METERS,-104.9611189
331,1954.7,2011-06-01,2026-01-01,39.442946,"CASTLE ROCK 4.6 NNW, CO US",0.8179,GHCND:US1CODG0174,METERS,-104.874028
332,1760.5,2012-05-01,2026-01-01,39.546199798584,"HIGHLANDS RANCH 0.6 SSE, CO US",0.7694,GHCND:US1CODG0176,METERS,-104.965461730957
333,1896.5,2013-05-01,2026-01-01,39.4971008300781,"SURREY RIDGE 0.2 SSW, CO US",0.7578,GHCND:US1CODG0192,METERS,-104.879600524902
334,1937.6,2013-07-01,2026-01-01,39.372634,"CASTLE ROCK 3.7 W, CO US",0.9599,GHCND:US1CODG0205,METERS,-104.920166
335,1849.8,2013-08-01,2025-09-01,39.520296,"LONE TREE 1.4 SSW, CO US",0.3493,GHCND:US1CODG0206,METERS,-104.898759
336,1762.7,2013-09-01,2026-01-01,39.5521002262831,"HIGHLANDS RANCH 0.7 ESE, CO US",0.9528,GHCND:US1CODG0207,METERS,-104.956712275743
337,1938.5,2013-10-01,2026-01-01,39.4503739,"THE PINERY 1.2 ESE, CO US",0.7093,GHCND:US1CODG0218,METERS,-104.712162
338,1888.5,2013-11-01,2023-02-01,39.4572868347168,"THE PINERY 0.5 WNW, CO US",0.8666,GHCND:US1CODG0226,METERS,-104.742706298828
339,1950.7,2021-08-01,2022-11-01,39.4727554321289,"CASTLE PINES 3.0 N, CO US",0.125,GHCND:US1CODG0227,METERS,-104.892623901367
340,1829.1,2014-02-01,2026-01-01,39.381814,"SEDALIA 3.5 SSE, CO US",1.0,GHCND:US1CODG0228,METERS,-104.948727
341,1999.5,2015-01-01,2026-01-01,39.343231,"CASTLE ROCK 3.3 SW, CO US",0.9397,GHCND:US1CODG0243,METERS,-104.892868
342,1915.1,2015-05-01,2026-01-01,39.3859,"CASTLE ROCK 0.5 NNW, CO US",0.8212,GHCND:US1CODG0245,METERS,-104.85293
343,1734.6,2019-03-01,2025-11-01,39.530621,"HIGHLANDS RANCH 3.0 WSW, CO US",0.4812,GHCND:US1CODG0250,METERS,-105.016522
344,1994.0,2015-12-01,2024-09-01,39.460621,"CASTLE PINES 2.1 N, CO US",0.7357,GHCND:US1CODG0253,METERS,-104.893007
345,1868.7,2017-11-01,2026-01-01,39.551831,"PARKER 4.8 NE, CO US",0.717,GHCND:US1CODG0271,METERS,-104.693325
346,1797.7,2018-06-01,2026-01-01,39.524475,"PARKER 2.5 WNW, CO US",0.9994,GHCND:US1CODG0282,METERS,-104.807063
347,1875.7,2018-11-01,2023-12-01,39.50735,"PARKER 1.9 E, CO US",0.5646,GHCND:US1CODG0291,METERS,-104.72886
348,1825.4,2018-12-01,2026-01-01,39.52319,"PARKER 3.5 WNW, CO US",0.5578,GHCND:US1CODG0292,METERS,-104.82654
349,2047.3,2018-12-01,2026-01-01,39.36959722,"FRANKTOWN 3.6 ESE, CO US",0.8949,GHCND:US1CODG0293,METERS,-104.6839361
350,1898.9,2019-10-01,2022-11-01,39.45331,"THE PINERY, CO US",0.8681,GHCND:US1CODG0294,METERS,-104.739092
351,1967.2,2020-09-01,2021-06-01,39.365608,"FRANKTOWN 2.3 ESE, CO US",0.2009,GHCND:US1CODG0305,METERS,-104.710908
352,1875.7,2019-11-01,2026-01-01,39.383771,"CASTLE ROCK 0.8 WNW, CO US",0.9995,GHCND:US1CODG0307,METERS,-104.86479
353,1944.3,2020-05-01,2021-10-01,39.41078,"CASTLE ROCK 2.2 N, CO US",0.7762,GHCND:US1CODG0312,METERS,-104.851925
354,1949.5,2020-05-01,2025-09-01,39.484011,"CASTLE PINES 3.7 N, CO US",0.4306,GHCND:US1CODG0313,METERS,-104.89998
355,2000.1,2020-07-01,2026-01-01,39.375007,"CASTLE ROCK 1.7 E, CO US",0.7755,GHCND:US1CODG0314,METERS,-104.820541
356,2097.9,2020-07-01,2025-12-01,39.249146,"PERRY PARK 3.7 ESE, CO US",0.6512,GHCND:US1CODG0315,METERS,-104.914796
357,2034.5,2021-03-01,2022-10-01,39.363525,"FRANKTOWN 3.6 ESE, CO US",0.1996,GHCND:US1CODG0317,METERS,-104.685908
358,2001.9,2021-03-01,2022-11-01,39.3111,"CASTLE ROCK 4.7 S, CO US",0.8561,GHCND:US1CODG0321,METERS,-104.8618
359,1987.0,2022-03-01,2022-09-01,39.251644,"LARKSPUR 6.8 NW, CO US",0.4267,GHCND:US1CODG0324,METERS,-104.984497
360,1789.2,2021-10-01,2021-10-01,39.55006,"HIGHLANDS RANCH 3.0 E, CO US",0.9819,GHCND:US1CODG0325,METERS,-104.91258
361,1829.1,2021-12-01,2023-06-01,39.444933,"THE PINERY 1.6 WSW, CO US",1.0,GHCND:US1CODG0327,METERS,-104.761785
362,1848.0,2022-02-01,2026-01-01,39.4265,"CASTLE ROCK 4.1 NW, CO US",0.9792,GHCND:US1CODG0329,METERS,-104.8959
363,1803.5,2022-07-01,2026-01-01,39.53135,"HIGHLANDS RANCH 2.7 SE, CO US",0.9287,GHCND:US1CODG0331,METERS,-104.928094
364,1951.0,2022-07-01,2026-01-01,39.45215,"CASTLE PINES 2.8 ENE, CO US",0.8358,GHCND:US1CODG0334,METERS,-104.8555
365,1781.3,2022-09-01,2023-08-01,39.5531749149926,"HIGHLANDS RANCH 1.3 E, CO US",1.0,GHCND:US1CODG0335,METERS,-104.945156083777
366,1834.6,2022-08-01,2025-12-01,39.5287,"LONE TREE 0.6 SSE, CO US",0.926,GHCND:US1CODG0336,METERS,-104.8796
367,1832.2,2023-06-01,2024-06-01,39.481632,"PARKER 2.3 SSW, CO US",0.1537,GHCND:US1CODG0344,METERS,-104.785654
368,1921.2,2023-04-01,2026-01-01,39.3907,"CASTLE ROCK 0.8 N, CO US",0.998,GHCND:US1CODG0347,METERS,-104.8494
369,1961.4,2023-06-01,2023-06-01,39.38326,"SEDALIA 4.1 SW, CO US",1.0,GHCND:US1CODG0348,METERS,-105.01765
370,2056.5,2023-05-01,2025-03-01,39.275957,"CASTLE ROCK 8.6 SSE, CO US",0.9987,GHCND:US1CODG0349,METERS,-104.762375
371,2032.1,2023-05-01,2024-05-01,39.35716,"CASTLE ROCK 2.6 SE, CO US",0.9967,GHCND:US1CODG0350,METERS,-104.8107
372,1748.6,2023-05-01,2023-09-01,39.5549,"HIGHLANDS RANCH 0.2 ENE, CO US",0.5968,GHCND:US1CODG0351,METERS,-104.9656
373,2008.0,2022-06-01,2022-09-01,39.366569,"CASTLEWOOD CANYON 2.2 NW, CO US",0.998,GHCND:US1CODG0354,METERS,-104.795284
374,1752.6,2024-02-01,2026-01-01,39.524026,"HIGHLANDS RANCH 3.2 SW, CO US",0.9577,GHCND:US1CODG0361,METERS,-105.013439
375,1798.0,2024-04-01,2025-11-01,39.550478,"HIGHLANDS RANCH 3.3 E, CO US",0.6497,GHCND:US1CODG0363,METERS,-104.9075
376,1757.8,2006-04-01,2026-01-01,38.8183144,"HOTCHKISS 4.7 W, CO US",0.8065,GHCND:US1CODL0016,METERS,-107.8031512
377,1859.3,2010-06-01,2023-10-01,38.842058,"PAONIA 2.1 SSE, CO US",0.944,GHCND:US1CODL0025,METERS,-107.574818
378,2011.7,2010-09-01,2026-01-01,38.85778,"HOTCHKISS 7.1 WNW, CO US",0.9025,GHCND:US1CODL0026,METERS,-107.82831
379,2055.6,2015-06-01,2021-10-01,38.679347,"CRAWFORD 2.3 SW, CO US",0.1947,GHCND:US1CODL0036,METERS,-107.636853
380,1937.0,2013-09-01,2021-09-01,38.9075050354004,"CEDAREDGE 1.0 NE, CO US",0.9486,GHCND:US1CODL0040,METERS,-107.911827087402
381,1809.6,2015-05-01,2024-07-01,38.861666,"HOTCHKISS 5.4 NE, CO US",0.5943,GHCND:US1CODL0043,METERS,-107.654625
382,3169.6,2015-10-01,2023-03-01,39.0391578674316,"CEDAREDGE 10.5 NNW, CO US",0.8112,GHCND:US1CODL0045,METERS,-108.003036499023
383,2104.0,2019-01-01,2026-01-01,38.674541,"CRAWFORD 3.6 SW, CO US",0.9526,GHCND:US1CODL0048,METERS,-107.66237
384,1734.0,2017-09-01,2026-01-01,38.814372,"HOTCHKISS 4.9 W, CO US",0.9997,GHCND:US1CODL0049,METERS,-107.80785
385,1727.3,2022-10-01,2025-10-01,38.86722,"PAONIA 0.4 WSW, CO US",0.081,GHCND:US1CODL0061,METERS,-107.59557
386,2077.2,2020-04-01,2026-01-01,38.94857,"CEDAREDGE 3.5 N, CO US",0.8851,GHCND:US1CODL0063,METERS,-107.9351
387,1758.7,2021-10-01,2026-01-01,38.8163872,"HOTCHKISS 4.7 WNW, CO US",0.9992,GHCND:US1CODL0065,METERS,-107.8026738
388,1780.9,2021-10-01,2026-01-01,38.829131,"HOTCHKISS 2.0 N, CO US",0.8455,GHCND:US1CODL0066,METERS,-107.713932
389,1563.9,2021-11-01,2022-10-01,38.6951,"DELTA 3.5 SSE, CO US",1.0,GHCND:US1CODL0068,METERS,-108.0586
390,1782.2,2022-07-01,2024-07-01,38.87843,"PAONIA 1.6 WNW, CO US",0.1997,GHCND:US1CODL0071,METERS,-107.616
391,1890.4,2023-01-01,2026-01-01,38.84905,"HOTCHKISS 9.2 WNW, CO US",0.8912,GHCND:US1CODL0074,METERS,-107.87625
392,1812.0,2023-10-01,2026-01-01,38.89048,"PAONIA 1.5 N, CO US",0.8554,GHCND:US1CODL0076,METERS,-107.58954
393,1887.0,2024-04-01,2026-01-01,38.85036,"PAONIA 2.0 SE, CO US",0.9072,GHCND:US1CODL0077,METERS,-107.56271
394,1645.9,2002-08-01,2025-05-01,39.6656,"DENVER 5.2 S, CO US",0.9635,GHCND:US1CODN0016,METERS,-104.9657
395,1645.9,2002-05-01,2022-05-01,39.7264,"DENVER 2.1 ESE, CO US",0.9169,GHCND:US1CODN0025,METERS,-104.9489
396,1680.1,2003-10-01,2023-05-01,39.6318,"DENVER 8 SSW, CO US",0.5509,GHCND:US1CODN0030,METERS,-105.0463
397,1643.2,2003-10-01,2026-01-01,39.72,"DENVER 3.2 SSE, CO US",0.9401,GHCND:US1CODN0049,METERS,-104.9175
398,1662.1,2004-08-01,2021-03-01,39.7603,"DENVER 6.0 W, CO US",0.9751,GHCND:US1CODN0074,METERS,-105.0499
399,1652.9,2004-09-01,2026-01-01,39.7169,"DENVER 3.2 SSE, CO US",0.8988,GHCND:US1CODN0077,METERS,-104.9223
400,1653.8,2004-08-01,2022-05-01,39.7588,"DENVER 5.6 W, CO US",0.8412,GHCND:US1CODN0079,METERS,-105.0417
401,1645.9,2005-11-01,2026-01-01,39.6826,"DENVER 4.7 SW, CO US",0.6913,GHCND:US1CODN0103,METERS,-105.0273
402,1645.0,2006-11-01,2026-01-01,39.730995,"DENVER 0.2 NNW BOTANIC GARDENS, CO US",0.8137,GHCND:US1CODN0112,METERS,-104.963538
403,1658.7,2008-06-01,2026-01-01,39.68704,"DENVER 3.5 SE, CO US",0.6414,GHCND:US1CODN0122,METERS,-104.923484
404,1659.9,2011-09-01,2026-01-01,39.676156,"DENVER 5.3 SW, CO US",0.7744,GHCND:US1CODN0141,METERS,-105.0361269
405,1637.4,2012-12-01,2026-01-01,39.7282104492188,"DENVER 0.4 E, CO US",0.9745,GHCND:US1CODN0175,METERS,-104.954368591309
406,1657.8,2020-11-01,2025-12-01,39.7151870727539,"DENVER 2.0 ESE, CO US",0.7097,GHCND:US1CODN0177,METERS,-104.92847442627
407,1617.0,2013-08-01,2023-04-01,39.757995,"DENVER 5.1 ENE, CO US",0.6327,GHCND:US1CODN0183,METERS,-104.873999
408,1644.7,2013-08-01,2023-06-01,39.71829,"DENVER 2.6 ESE, CO US",0.0672,GHCND:US1CODN0187,METERS,-104.914959
409,1624.6,2014-11-01,2022-05-01,39.69175,"DENVER 2.6 SSW, CO US",0.9233,GHCND:US1CODN0231,METERS,-104.972523
410,1644.4,2017-08-01,2021-09-01,39.732561,"DENVER 0.5 NE, CO US",0.44,GHCND:US1CODN0255,METERS,-104.955508
411,1639.2,2017-08-01,2025-10-01,39.76058,"DENVER 4.3 WNW, CO US",0.6059,GHCND:US1CODN0259,METERS,-105.03163
412,1612.7,2017-10-01,2021-10-01,39.68465,"DENVER 3.2 SSW, CO US",0.7344,GHCND:US1CODN0261,METERS,-104.98318
413,1633.4,2017-12-01,2026-01-01,39.735,"DENVER 2.1 ENE, CO US",0.9282,GHCND:US1CODN0264,METERS,-104.9226
414,1599.9,2018-04-01,2026-01-01,39.8034,"DENVER 6.7 NE, CO US",0.9675,GHCND:US1CODN0269,METERS,-104.8837
415,1627.0,2021-01-01,2024-08-01,39.69547,"DENVER 2.3 S, CO US",0.591,GHCND:US1CODN0270,METERS,-104.96603
416,1619.4,2018-09-01,2025-08-01,39.738149,"DENVER 1.1 NE, CO US",0.4285,GHCND:US1CODN0280,METERS,-104.945584
417,1675.8,2022-08-01,2022-08-01,39.6667,"DENVER 6.1 SW, CO US",0.9819,GHCND:US1CODN0282,METERS,-105.0452
418,1614.8,2021-01-01,2022-04-01,39.764982,"DENVER 2.7 NNE, CO US",0.7531,GHCND:US1CODN0295,METERS,-104.943346
419,1649.3,2020-06-01,2021-05-01,39.659957,"SHERIDAN 1.5 NW, CO US",0.9173,GHCND:US1CODN0298,METERS,-105.037729
420,1601.4,2021-04-01,2021-05-01,39.795972,"DENVER 6.0 NE, CO US",0.998,GHCND:US1CODN0304,METERS,-104.892525
421,1649.0,2021-06-01,2023-06-01,39.6865348,"DENVER 5.3 WSW, CO US",1.0,GHCND:US1CODN0306,METERS,-105.0459013
422,1642.9,2021-07-01,2022-12-01,39.664938,"LAKEWOOD 2.8 SE, CO US",0.998,GHCND:US1CODN0307,METERS,-105.07763
423,1609.0,2021-10-01,2023-07-01,39.720106,"DENVER 1.3 WSW, CO US",0.9554,GHCND:US1CODN0309,METERS,-104.983629
424,1645.0,2022-04-01,2024-05-01,39.722924,"DENVER 4.8 W, CO US",0.8071,GHCND:US1CODN0313,METERS,-105.052842
425,1630.4,2022-08-01,2023-01-01,39.73716,"DENVER 4.6 W, CO US",0.4963,GHCND:US1CODN0318,METERS,-105.0474
426,1632.8,2022-09-01,2026-01-01,39.74127,"DENVER 2.7 ENE, CO US",0.2681,GHCND:US1CODN0319,METERS,-104.91326
427,1599.0,2022-08-01,2026-01-01,39.7537735,"DENVER 1.3 NE, CO US",0.9987,GHCND:US1CODN0320,METERS,-104.9741718
428,1637.4,2022-10-01,2024-08-01,39.7905,"DENVER 5.3 NW, CO US",0.8684,GHCND:US1CODN0321,METERS,-105.0212
429,1709.0,2023-06-01,2026-01-01,39.6444,"DENVER 6.6 SSE, CO US",0.998,GHCND:US1CODN0326,METERS,-104.90306
430,1624.6,2023-07-01,2025-07-01,39.73693,"DENVER 2.2 ENE, CO US",0.5992,GHCND:US1CODN0327,METERS,-104.923003
431,1600.8,2023-06-01,2023-08-01,39.75842,"DENVER 2.1 N, CO US",0.9925,GHCND:US1CODN0328,METERS,-104.96064
432,1671.2,2023-07-01,2026-01-01,39.660127,"DENVER 5.1 SSE, CO US",0.9331,GHCND:US1CODN0329,METERS,-104.924107
433,1631.0,2023-07-01,2023-09-01,39.744715,"DENVER 3.8 ENE, CO US",0.9925,GHCND:US1CODN0330,METERS,-104.894734
434,1649.0,2023-09-01,2026-01-01,39.667365,"CHERRY HILLS VILLAGE 2.1 N, CO US",0.9297,GHCND:US1CODN0333,METERS,-104.945235
435,1626.4,2024-08-01,2026-01-01,39.744872,"DENVER 4.2 ENE, CO US",0.8871,GHCND:US1CODN0342,METERS,-104.885373
436,2012.9,2004-04-01,2026-01-01,37.6009,"DOVE CREEK 12.4 SSW, CO US",0.996,GHCND:US1CODR0003,METERS,-108.9951
437,2142.7,2020-08-01,2021-01-01,37.699607,"CAHONE 4.6 NE, CO US",0.9925,GHCND:US1CODR0014,METERS,-108.763935
438,2692.0,2020-09-01,2025-08-01,37.694167,"RICO 0.4 N, CO US",0.2167,GHCND:US1CODR0015,METERS,-108.029722
439,2186.0,2003-10-01,2026-01-01,39.650118,"EDWARDS 1.3 WNW, CO US",0.5297,GHCND:US1COEG0003,METERS,-106.619873
440,2183.6,2003-12-01,2026-01-01,39.3793,"BASALT 5.8 E, CO US",0.9622,GHCND:US1COEG0006,METERS,-106.9249
441,2201.9,2003-10-01,2021-11-01,39.7332,"WOLCOTT 2.3 N, CO US",0.8623,GHCND:US1COEG0008,METERS,-106.6806
442,2557.0,2008-08-01,2026-01-01,39.648,"VAIL 2.6 E, CO US",0.6904,GHCND:US1COEG0019,METERS,-106.3258
443,2490.8,2008-07-01,2026-01-01,39.645013,"VAIL 0.9 WNW, CO US",0.9145,GHCND:US1COEG0021,METERS,-106.395292
444,1990.6,2011-09-01,2022-12-01,39.616582,"GYPSUM 1.9 SSW, CO US",0.8455,GHCND:US1COEG0029,METERS,-106.956277
445,1958.9,2013-10-01,2026-01-01,39.40337,"CARBONDALE 5.7 E, CO US",0.9524,GHCND:US1COEG0037,METERS,-107.10663
446,2027.5,2018-08-01,2022-08-01,39.632084,"GYPSUM 2.5 ESE, CO US",0.1632,GHCND:US1COEG0047,METERS,-106.902604
447,2230.5,2019-02-01,2026-01-01,39.4315,"CARBONDALE 5.9 ENE, CO US",0.8452,GHCND:US1COEG0051,METERS,-107.1126
448,2198.5,2019-05-01,2026-01-01,39.6489,"EDWARDS 0.5 E, CO US",0.7153,GHCND:US1COEG0052,METERS,-106.5915
449,2592.9,2019-04-01,2022-11-01,39.63268,"VAIL 3.5 E, CO US",0.7496,GHCND:US1COEG0053,METERS,-106.29169
450,1967.2,2021-08-01,2026-01-01,39.401257,"EL JEBEL 0.8 W, CO US",0.8881,GHCND:US1COEG0055,METERS,-107.104469
451,1955.6,2021-06-01,2025-12-01,39.39882,"CARBONDALE 5.5 E, CO US",0.3453,GHCND:US1COEG0057,METERS,-107.111588
452,2285.1,2020-06-01,2023-03-01,39.634444,"EDWARDS 2.9 WSW, CO US",0.942,GHCND:US1COEG0061,METERS,-106.650278
453,2485.0,2020-06-01,2024-04-01,39.61813,"EDWARDS 3.9 SW, CO US",0.5747,GHCND:US1COEG0062,METERS,-106.660951
454,2043.7,2020-06-01,2026-01-01,39.629962,"GYPSUM 3.2 SE, CO US",0.9553,GHCND:US1COEG0064,METERS,-106.896464
455,2003.8,2022-07-01,2026-01-01,39.632247,"GYPSUM 1.0 SW, CO US",0.8822,GHCND:US1COEG0069,METERS,-106.960147
456,2547.8,2025-09-01,2025-10-01,39.648087,"VAIL 2.1 ENE, CO US",0.998,GHCND:US1COEG0071,METERS,-106.319018
457,2120.5,2024-06-01,2024-10-01,39.75009,"GYPSUM 10.8 NW, CO US",0.9947,GHCND:US1COEG0072,METERS,-107.09648
458,2017.2,2002-06-01,2026-01-01,39.381132,"ELIZABETH 2.1 NW, CO US",0.6759,GHCND:US1COEL0005,METERS,-104.62895
459,1677.9,2002-08-01,2026-01-01,39.5482,"DEER TRAIL 6.1 SW, CO US",0.9289,GHCND:US1COEL0010,METERS,-104.1273
460,2117.1,2003-07-01,2026-01-01,39.226,"ELBERT 3.7 W, CO US",0.5423,GHCND:US1COEL0017,METERS,-104.6064
461,1869.0,2006-08-01,2025-06-01,39.4109,"KIOWA 12.7 ENE, CO US",0.9956,GHCND:US1COEL0046,METERS,-104.2391
462,1940.1,2006-10-01,2021-08-01,39.150333,"RAMAH 4.2 WNW, CO US",0.5027,GHCND:US1COEL0049,METERS,-104.235907
463,2007.4,2013-10-01,2026-01-01,39.3876332044601,"ELIZABETH 2.0 NNE, CO US",0.9322,GHCND:US1COEL0075,METERS,-104.586881250143
464,2190.6,2014-01-01,2026-01-01,39.15695,"ELBERT 4.6 SSE, CO US",0.8206,GHCND:US1COEL0076,METERS,-104.5034389
465,1782.2,2015-05-01,2022-03-01,39.1720654070377,"MATHESON 8.0 E, CO US",0.0241,GHCND:US1COEL0078,METERS,-103.830256909132
466,1901.6,2017-08-01,2023-12-01,39.441459,"KIOWA 6.7 N, CO US",0.9869,GHCND:US1COEL0086,METERS,-104.444935
467,2119.0,2018-09-01,2026-01-01,39.2776795,"ELIZABETH 6.2 SSW, CO US",0.3706,GHCND:US1COEL0089,METERS,-104.6463069
468,1931.8,2018-06-01,2026-01-01,39.071599,"SIMLA 5.3 SSE, CO US",0.869,GHCND:US1COEL0090,METERS,-104.039312
469,1904.4,2019-12-01,2026-01-01,39.5004,"ELIZABETH 10.5 NNE, CO US",0.9318,GHCND:US1COEL0095,METERS,-104.52175
470,2013.5,2020-04-01,2026-01-01,39.357108,"ELIZABETH 0.4 WSW, CO US",0.9994,GHCND:US1COEL0096,METERS,-104.606217
471,1630.1,2021-01-01,2025-12-01,39.5135418,"AGATE 3.7 NW, CO US",0.9335,GHCND:US1COEL0099,METERS,-103.9919118
472,1881.8,2021-07-01,2022-09-01,39.4116667,"AGATE 14.5 WSW, CO US",0.9324,GHCND:US1COEL0101,METERS,-104.21
473,1997.4,2022-07-01,2026-01-01,39.408544,"ELIZABETH 4.1 NE, CO US",0.7662,GHCND:US1COEL0102,METERS,-104.555726
474,1744.4,2024-07-01,2026-01-01,39.05758,"LIMON 15.9 SSW, CO US",0.6297,GHCND:US1COEL0103,METERS,-103.8134
475,1939.1,2003-08-01,2026-01-01,39.0804,"CALHAN 3.1 N, CO US",0.959,GHCND:US1COEP0007,METERS,-104.2931
476,2207.1,2004-10-01,2022-02-01,39.0985,"MONUMENT 2.1 ENE, CO US",0.737,GHCND:US1COEP0017,METERS,-104.8343
477,2012.9,2005-06-01,2026-01-01,38.905232,"COLORADO SPRINGS 5.7 WNW, CO US",0.9716,GHCND:US1COEP0037,METERS,-104.849076
478,2214.1,2004-05-01,2021-12-01,39.1125,"MONUMENT 2.9 N, CO US",0.9951,GHCND:US1COEP0055,METERS,-104.859
479,1847.1,2003-06-01,2026-01-01,38.798889,"IVYWILD 0.6 E, CO US",0.8564,GHCND:US1COEP0058,METERS,-104.838611
480,1855.6,2006-09-01,2026-01-01,38.841279,"COLORADO SPRINGS 1.2 ENE, CO US",0.3905,GHCND:US1COEP0060,METERS,-104.8014
481,2108.9,2003-08-01,2026-01-01,39.047109,"GLENEAGLE 0.4 WNW, CO US",0.7813,GHCND:US1COEP0061,METERS,-104.830221
482,1887.9,2003-06-01,2026-01-01,38.849677,"COLORADO SPRINGS 2.1 NW, CO US",0.9777,GHCND:US1COEP0064,METERS,-104.853693
483,2292.1,2003-08-01,2025-12-01,39.099933,"BLACK FOREST 3.9 NNE, CO US",0.4758,GHCND:US1COEP0066,METERS,-104.64455
484,1976.9,2003-09-01,2021-09-01,38.872,"COLORADO SPRINGS 5.8 ENE, CO US",0.9585,GHCND:US1COEP0068,METERS,-104.726167
485,1914.1,2007-09-01,2026-01-01,38.8161,"COLORADO SPRINGS 2.7 WSW, CO US",0.9953,GHCND:US1COEP0158,METERS,-104.8645
486,1948.0,2009-01-01,2026-01-01,38.848,"MANITOU SPRINGS 1.2 ESE, CO US",0.9268,GHCND:US1COEP0175,METERS,-104.8911
487,1818.4,2009-06-01,2021-06-01,38.7761,"COLORADO SPRINGS 6.6 SE, CO US",0.8553,GHCND:US1COEP0180,METERS,-104.7294
488,1926.9,2009-08-01,2025-12-01,38.8611,"COLORADO SPRINGS 3.7 ENE, CO US",0.7562,GHCND:US1COEP0188,METERS,-104.761167
489,1996.4,2009-08-01,2026-01-01,38.93835,"FALCON ESTATES 2.4 WNW, CO US",0.9846,GHCND:US1COEP0189,METERS,-104.84263
490,2220.5,2010-05-01,2026-01-01,39.026716,"COLORADO SPRINGS 13.9 NNE, CO US",0.9467,GHCND:US1COEP0192,METERS,-104.747852
491,1848.6,2010-06-01,2026-01-01,38.843666,"COLORADO SPRINGS 1.1 NE, CO US",0.9784,GHCND:US1COEP0194,METERS,-104.805154
492,2037.6,2011-04-01,2026-01-01,38.9352906504368,"COLORADO SPRINGS 7.1 NNW, CO US",0.775,GHCND:US1COEP0207,METERS,-104.846975612111
493,1827.9,2011-05-01,2024-12-01,38.790916,"COLORADO SPRINGS 3.0 S, CO US",0.9203,GHCND:US1COEP0210,METERS,-104.811452
494,1862.0,2013-01-01,2026-01-01,38.861787,"COLORADO SPRINGS 2.0 N, CO US",0.9872,GHCND:US1COEP0226,METERS,-104.814272
495,1949.2,2011-01-01,2026-01-01,38.900413,"COLORADO SPRINGS 5.0 NNE, CO US",0.8562,GHCND:US1COEP0228,METERS,-104.783625
496,1832.2,2011-09-01,2021-04-01,38.805786,"COLORADO SPRINGS 2.1 SSW, CO US",0.8709,GHCND:US1COEP0230,METERS,-104.8365929
497,2019.9,2011-07-01,2024-06-01,38.943846,"COLORADO SPRINGS 7.0 NNE, CO US",0.987,GHCND:US1COEP0234,METERS,-104.781608
498,2250.0,2011-08-01,2026-01-01,39.11838,"MONUMENT 6.6 ENE, CO US",0.8158,GHCND:US1COEP0235,METERS,-104.751564
499,2039.1,2011-07-01,2025-06-01,38.932008,"COLORADO SPRINGS 7.0 NNW, CO US",0.6071,GHCND:US1COEP0258,METERS,-104.855845
500,1838.6,2011-08-01,2026-01-01,38.783546,"COLORADO SPRINGS 3.5 S, CO US",0.7469,GHCND:US1COEP0264,METERS,-104.829255
501,2184.8,2011-09-01,2025-12-01,39.013917,"BLACK FOREST 4.7 WSW, CO US",0.9068,GHCND:US1COEP0271,METERS,-104.744889
502,2065.0,2012-05-01,2025-01-01,38.9172,"COLORADO SPRINGS 6.9 NE, CO US",0.2352,GHCND:US1COEP0282,METERS,-104.7489
503,1748.0,2012-08-01,2026-01-01,38.7424507141113,"COLORADO SPRINGS 8.2 SE, CO US",0.9936,GHCND:US1COEP0291,METERS,-104.725059509277
504,1831.5,2012-10-01,2024-10-01,38.8339195251465,"COLORADO SPRINGS 1.1 W, CO US",0.5241,GHCND:US1COEP0303,METERS,-104.841552734375
505,1914.4,2012-12-01,2025-03-01,38.864723,"COLORADO SPRINGS 2.7 NE, CO US",0.6352,GHCND:US1COEP0309,METERS,-104.788671
506,2206.1,2013-04-01,2025-04-01,39.083551,"MONUMENT 1.4 NE, CO US",0.8897,GHCND:US1COEP0311,METERS,-104.838724
507,1929.4,2013-12-01,2025-12-01,38.885952,"COLORADO SPRINGS 4.1 NNE, CO US",0.8551,GHCND:US1COEP0320,METERS,-104.782422
508,1928.5,2013-09-01,2022-06-01,38.8623886108398,"COLORADO SPRINGS 3.5 NE, CO US",0.0472,GHCND:US1COEP0323,METERS,-104.767669677734
509,1911.4,2014-05-01,2026-01-01,38.8504,"COLORADO SPRINGS 5.0 ENE, CO US",0.9498,GHCND:US1COEP0333,METERS,-104.7307
510,1869.9,2014-12-01,2024-10-01,38.774772,"COLORADO SPRINGS 4.1 S, CO US",0.5041,GHCND:US1COEP0337,METERS,-104.8327599
511,1978.2,2016-01-01,2024-09-01,38.8844,"COLORADO SPRINGS 6.9 ENE, CO US",0.4,GHCND:US1COEP0347,METERS,-104.7092
512,2052.8,2015-09-01,2026-01-01,38.95344167,"CALHAN 5.6 S, CO US",0.9997,GHCND:US1COEP0354,METERS,-104.3116944
513,2088.2,2015-11-01,2024-09-01,38.910017,"COLORADO SPRINGS 7.3 NE, CO US",0.9906,GHCND:US1COEP0356,METERS,-104.726733
514,1992.2,2016-08-01,2026-01-01,38.890056,"COLORADO SPRINGS 7.2 ENE, CO US",0.8681,GHCND:US1COEP0359,METERS,-104.70803
515,1902.6,2016-08-01,2026-01-01,38.869814,"COLORADO SPRINGS 3.0 NNE, CO US",0.8331,GHCND:US1COEP0360,METERS,-104.790677
516,1926.9,2016-08-01,2023-07-01,38.814381,"COLORADO SPRINGS 2.6 WSW, CO US",0.1905,GHCND:US1COEP0361,METERS,-104.861248
517,2021.4,2016-09-01,2026-01-01,38.9087753295898,"COLORADO SPRINGS 5.8 NNW, CO US",0.8937,GHCND:US1COEP0362,METERS,-104.869873046875
518,2238.8,2017-03-01,2026-01-01,39.093896,"PEYTON 5.4 NNW, CO US",0.99,GHCND:US1COEP0365,METERS,-104.534076
519,2147.0,2017-03-01,2025-12-01,38.9616,"PEYTON 8.5 WSW, CO US",0.5658,GHCND:US1COEP0371,METERS,-104.6118
520,2245.5,2017-04-01,2026-01-01,39.07591,"BLACK FOREST 3.0 NE, CO US",0.8675,GHCND:US1COEP0376,METERS,-104.62778
521,2042.2,2017-05-01,2026-01-01,38.912215,"PEYTON 9.2 SSW, CO US",0.9803,GHCND:US1COEP0378,METERS,-104.558739
522,2074.8,2023-06-01,2023-06-01,39.02377,"COLORADO SPRINGS 13.2 N, CO US",1.0,GHCND:US1COEP0384,METERS,-104.81186
523,1855.3,2017-06-01,2026-01-01,38.85598,"COLORADO SPRINGS 1.5 N, CO US",0.9515,GHCND:US1COEP0385,METERS,-104.8191
524,1955.9,2017-06-01,2024-09-01,38.86952,"COLORADO SPRINGS 3.3 NW, CO US",0.943,GHCND:US1COEP0387,METERS,-104.86166
525,1781.6,2017-08-01,2022-07-01,38.75891,"SECURITY 3.1 NNW, CO US",0.4167,GHCND:US1COEP0388,METERS,-104.72981
526,1852.9,2017-08-01,2022-09-01,38.858351,"COLORADO SPRINGS 1.8 NNW, CO US",0.8388,GHCND:US1COEP0389,METERS,-104.829704
527,2059.8,2017-07-01,2025-10-01,38.914947,"COLORADO SPRINGS 8.3 NE, CO US",0.3099,GHCND:US1COEP0390,METERS,-104.706428
528,2125.1,2017-09-01,2025-05-01,38.9707957,"COLORADO SPRINGS 10.1 NNE, CO US",0.2689,GHCND:US1COEP0395,METERS,-104.7545693
529,2268.0,2017-10-01,2026-01-01,39.0410041,"BLACK FOREST 3.8 W, CO US",0.9996,GHCND:US1COEP0396,METERS,-104.7379468
530,2001.3,2018-08-01,2021-12-01,38.88326,"COLORADO SPRINGS 5.9 NE, CO US",0.7311,GHCND:US1COEP0398,METERS,-104.73159
531,2100.1,2018-04-01,2025-12-01,38.933201,"FALCON 3.2 W, CO US",0.8276,GHCND:US1COEP0402,METERS,-104.678779
532,2069.9,2020-08-01,2023-08-01,39.04077,"PEYTON 1.7 ENE, CO US",0.0541,GHCND:US1COEP0405,METERS,-104.45165
533,1694.1,2018-11-01,2023-09-01,38.684106,"FOUNTAIN 1.3 NNE, CO US",0.4409,GHCND:US1COEP0407,METERS,-104.683922
534,2044.0,2020-07-01,2026-01-01,38.93092,"COLORADO SPRINGS 8.0 NNE, CO US",0.9843,GHCND:US1COEP0408,METERS,-104.739948
535,1754.1,2019-05-01,2025-08-01,38.7449,"SECURITY 2.2 NW, CO US",0.8678,GHCND:US1COEP0412,METERS,-104.7266
536,1704.1,2019-09-01,2022-11-01,38.676181,"FOUNTAIN 0.6 N, CO US",0.718,GHCND:US1COEP0416,METERS,-104.692379
537,2268.3,2019-08-01,2026-01-01,39.08249,"BLACK FOREST 6.0 WNW, CO US",0.4612,GHCND:US1COEP0417,METERS,-104.76939
538,2093.1,2019-10-01,2026-01-01,39.041743,"PEYTON 1.2 NE, CO US",0.9992,GHCND:US1COEP0420,METERS,-104.464814
539,1832.5,2020-06-01,2021-05-01,38.83508,"COLORADO SPRINGS 0.9 W, CO US",0.8339,GHCND:US1COEP0421,METERS,-104.83705
540,1836.1,2020-06-01,2023-01-01,38.84099,"COLORADO SPRINGS 0.6 NE, CO US",0.999,GHCND:US1COEP0425,METERS,-104.81445
541,2093.7,2020-08-01,2025-06-01,38.993308,"GLENEAGLE 4.5 SE, CO US",1.0,GHCND:US1COEP0429,METERS,-104.771956
542,2220.5,2020-10-01,2022-07-01,39.110879,"MONUMENT 2.8 N, CO US",0.2275,GHCND:US1COEP0433,METERS,-104.852357
543,1829.4,2021-02-01,2021-11-01,38.824698,"ELLICOTT 1.2 WSW, CO US",0.5023,GHCND:US1COEP0436,METERS,-104.40148
544,1861.7,2022-08-01,2023-06-01,38.860149,"COLORADO SPRINGS 1.8 N, CO US",0.2734,GHCND:US1COEP0437,METERS,-104.815509
545,2057.4,2021-02-01,2021-07-01,38.935766,"COLORADO SPRINGS 7.5 NNW, CO US",0.8408,GHCND:US1COEP0441,METERS,-104.87139
546,2176.0,2021-07-01,2025-10-01,38.98631,"PEYTON 6.8 WSW, CO US",0.6918,GHCND:US1COEP0443,METERS,-104.5927
547,2264.1,2021-07-01,2022-07-01,39.09635,"MONUMENT 5.5 ENE, CO US",0.2306,GHCND:US1COEP0446,METERS,-104.76124
548,2218.3,2021-08-01,2021-09-01,38.982225,"BLACK FOREST 5.4 SW, CO US",0.998,GHCND:US1COEP0447,METERS,-104.725614
549,1626.1,2021-09-01,2026-01-01,38.592664,"FOUNTAIN 15.3 ESE, CO US",0.8486,GHCND:US1COEP0448,METERS,-104.426905
550,2078.7,2022-01-01,2026-01-01,38.9445,"COLORADO SPRINGS 8.9 NNE, CO US",0.9996,GHCND:US1COEP0449,METERS,-104.73738
551,2082.7,2022-07-01,2026-01-01,38.922885,"PIKEVIEW 3.7 NE, CO US",0.9287,GHCND:US1COEP0453,METERS,-104.711868
552,2151.6,2022-07-01,2026-01-01,38.96467,"COLORADO SPRINGS 11.0 NE, CO US",0.9055,GHCND:US1COEP0454,METERS,-104.7027
553,2208.0,2022-10-01,2022-10-01,39.014317,"BLACK FOREST 3.8 SW, CO US",0.9819,GHCND:US1COEP0457,METERS,-104.7248045
554,1981.8,2022-11-01,2026-01-01,38.92827,"PEYTON 7.0 S, CO US",0.7686,GHCND:US1COEP0459,METERS,-104.481
555,1983.0,2023-03-01,2025-12-01,38.884457,"COLORADO SPRINGS 3.9 NNW, CO US",0.8805,GHCND:US1COEP0460,METERS,-104.852784
556,1717.9,2022-11-01,2023-06-01,38.610177,"YODER 15.2 S, CO US",1.0,GHCND:US1COEP0461,METERS,-104.239
557,2067.8,2024-06-01,2025-06-01,38.93166,"PEYTON 8.9 SW, CO US",0.1541,GHCND:US1COEP0462,METERS,-104.58636
558,2223.5,2023-06-01,2025-06-01,39.03536,"BLACK FOREST 4.1 W, CO US",0.16,GHCND:US1COEP0466,METERS,-104.74296
559,1763.9,2023-06-01,2023-07-01,38.759029,"COLORADO SPRINGS 6.8 SE, CO US",0.998,GHCND:US1COEP0468,METERS,-104.739792
560,1862.0,2023-06-01,2026-01-01,38.789422,"COLORADO SPRINGS 3.1 S, CO US",0.8108,GHCND:US1COEP0469,METERS,-104.826894
561,2281.4,2023-07-01,2024-07-01,39.06917,"MONUMENT 2.9 E, CO US",0.1533,GHCND:US1COEP0470,METERS,-104.8023
562,1852.9,2023-08-01,2026-01-01,38.8463634,"COLORADO SPRINGS 1.1 NE, CO US",0.998,GHCND:US1COEP0474,METERS,-104.8089547
563,2098.9,2023-09-01,2026-01-01,38.9786,"COLORADO SPRINGS 10.4 NNE, CO US",0.8264,GHCND:US1COEP0475,METERS,-104.7708
564,2016.3,2024-11-01,2025-06-01,38.9428215,"COLORADO SPRINGS 7.8 NNW, CO US",0.8804,GHCND:US1COEP0480,METERS,-104.8571482
565,2208.0,2024-05-01,2026-01-01,39.055225,"COLORADO SPRINGS 15.3 N, CO US",0.9972,GHCND:US1COEP0482,METERS,-104.8001159
566,1770.6,2024-05-01,2026-01-01,38.723922,"SECURITY 0.5 NE, CO US",0.9497,GHCND:US1COEP0488,METERS,-104.692668
567,2258.0,2024-05-01,2026-01-01,39.06946,"MONUMENT 2.6 E, CO US",0.9972,GHCND:US1COEP0489,METERS,-104.80805
568,2164.7,2024-05-01,2026-01-01,38.980159,"FALCON ESTATES 4.7 NE, CO US",0.9972,GHCND:US1COEP0491,METERS,-104.740116
569,1623.1,2004-03-01,2026-01-01,38.4213,"PENROSE 1.2 ESE, CO US",0.8287,GHCND:US1COFM0001,METERS,-105.0002
570,1677.9,2009-05-01,2021-09-01,38.477666,"CANON CITY 1.0 NNE, CO US",0.8052,GHCND:US1COFM0011,METERS,-105.23633
571,1628.5,2004-04-01,2026-01-01,38.450718,"CANON CITY 1.3 ENE, CO US",0.9731,GHCND:US1COFM0019,METERS,-105.219189
572,2275.9,2004-04-01,2026-01-01,38.3086,"COTOPAXI 4.8 SSE, CO US",0.996,GHCND:US1COFM0021,METERS,-105.6417
573,1627.0,2004-06-01,2026-01-01,38.4523,"CANON CITY 2.5 ENE, CO US",0.9806,GHCND:US1COFM0034,METERS,-105.1967
574,1709.9,2006-04-01,2026-01-01,38.46221,"PENROSE 2.3 NNW, CO US",0.9997,GHCND:US1COFM0050,METERS,-105.027701
575,1672.4,2011-10-01,2026-01-01,38.471797,"CANON CITY 0.7 NE, CO US",0.465,GHCND:US1COFM0071,METERS,-105.232529
576,2215.6,2018-10-01,2022-11-01,38.32724,"COTOPAXI 4.3 SE, CO US",0.9199,GHCND:US1COFM0096,METERS,-105.623239
577,1633.4,2021-02-01,2026-01-01,38.431664,"LINCOLN PARK 0.6 NE, CO US",1.0,GHCND:US1COFM0103,METERS,-105.205626
578,1678.2,2024-05-01,2026-01-01,38.342036,"FLORENCE 3.0 SSW, CO US",0.9497,GHCND:US1COFM0110,METERS,-105.127231
579,1775.2,2003-10-01,2025-11-01,39.5413,"GLENWOOD SPRINGS .64 S, CO US",0.8909,GHCND:US1COGF0001,METERS,-107.3269
580,1811.1,2004-12-01,2026-01-01,39.4779,"GLENWOOD SPRINGS 5.3 SSE, CO US",0.6928,GHCND:US1COGF0033,METERS,-107.2923
581,1844.0,2005-04-01,2026-01-01,39.5664,"GLENWOOD SPRINGS 1.7 NW, CO US",0.9278,GHCND:US1COGF0040,METERS,-107.3505
582,1976.9,2024-07-01,2026-01-01,39.41131,"SILT 9.6 S, CO US",0.4198,GHCND:US1COGF0045,METERS,-107.64572
583,1850.1,2007-08-01,2026-01-01,39.568079,"GLENWOOD SPRINGS 2.1 NW, CO US",0.8421,GHCND:US1COGF0046,METERS,-107.355639
584,1880.9,2007-10-01,2026-01-01,39.397817,"CARBONDALE 0.5 W, CO US",0.9997,GHCND:US1COGF0047,METERS,-107.2227
585,1987.6,2009-07-01,2026-01-01,39.458153,"CARBONDALE 4.6 NNE, CO US",0.9796,GHCND:US1COGF0049,METERS,-107.183879
586,1812.6,2013-01-01,2026-01-01,39.5072,"GLENWOOD SPRINGS 2.7 SSE, CO US",0.8726,GHCND:US1COGF0060,METERS,-107.3162119
587,1838.9,2015-07-01,2021-06-01,39.5885467529297,"SILT 2.9 NNW, CO US",0.1805,GHCND:US1COGF0071,METERS,-107.673980712891
588,2107.4,2015-10-01,2026-01-01,39.4408302307129,"GLENWOOD SPRINGS 7.2 S, CO US",0.3224,GHCND:US1COGF0073,METERS,-107.314888000488
589,1818.1,2016-03-01,2021-08-01,39.477407,"GLENWOOD SPRINGS 5.0 SSE, CO US",0.1211,GHCND:US1COGF0075,METERS,-107.298032
590,2203.7,2016-09-01,2026-01-01,39.434619,"NEW CASTLE 10.5 S, CO US",0.177,GHCND:US1COGF0078,METERS,-107.514729
591,1983.9,2018-05-01,2026-01-01,39.63087,"RIFLE 8.9 NE, CO US",0.3008,GHCND:US1COGF0081,METERS,-107.65994
592,1816.9,2018-10-01,2021-01-01,39.46955,"GLENWOOD SPRINGS 5.9 SSE, CO US",0.6772,GHCND:US1COGF0082,METERS,-107.27764
593,1880.3,2019-07-01,2025-11-01,39.4074,"CARBONDALE 0.7 NNW, CO US",0.7658,GHCND:US1COGF0085,METERS,-107.2168
594,1974.8,2020-06-01,2026-01-01,39.46035,"GLENWOOD SPRINGS 5.9 S, CO US",0.6467,GHCND:US1COGF0088,METERS,-107.31573
595,1767.2,2020-04-01,2024-09-01,39.5333,"GLENWOOD SPRINGS 0.8 S, CO US",0.9627,GHCND:US1COGF0089,METERS,-107.33
596,1588.9,2020-07-01,2026-01-01,39.4485,"BATTLEMENT MESA 0.9 WNW, CO US",0.7009,GHCND:US1COGF0090,METERS,-108.03802
597,1998.6,2021-08-01,2026-01-01,39.41787,"CARBONDALE 3.5 ENE, CO US",0.3331,GHCND:US1COGF0094,METERS,-107.15366
598,2148.2,2022-02-01,2025-12-01,39.4472126,"CARBONDALE 4.8 NE, CO US",0.4683,GHCND:US1COGF0097,METERS,-107.1520417
599,1794.1,2022-05-01,2024-02-01,39.578746,"NEW CASTLE 0.8 SE, CO US",0.8632,GHCND:US1COGF0098,METERS,-107.519375
600,2136.3,2023-06-01,2026-01-01,39.475308,"GLENWOOD SPRINGS 6.5 SE, CO US",0.7796,GHCND:US1COGF0101,METERS,-107.246727
601,1657.8,2024-05-01,2026-01-01,39.553345,"RIFLE 2.6 ENE, CO US",0.8072,GHCND:US1COGF0102,METERS,-107.732316
602,2824.0,2006-07-01,2025-09-01,39.8382,"BLACK HAWK 2.9 NNE, CO US",0.3333,GHCND:US1COGL0010,METERS,-105.4783
603,2681.3,2012-09-01,2026-01-01,39.90653333,"ROLLINSVILLE 1.1 SSW, CO US",0.857,GHCND:US1COGL0017,METERS,-105.5110667
604,2664.0,2013-09-01,2023-12-01,39.9033508300781,"ROLLINSVILLE 2.3 ESE, CO US",0.9355,GHCND:US1COGL0020,METERS,-105.462768554688
605,2560.0,2017-06-01,2021-07-01,39.923059,"ROLLINSVILLE 1.7 E, CO US",0.8799,GHCND:US1COGL0025,METERS,-105.468773
606,2712.1,2022-04-01,2022-06-01,39.88924,"BLACK HAWK 6.2 N, CO US",1.0,GHCND:US1COGL0036,METERS,-105.47351
607,2702.4,2024-07-01,2026-01-01,39.9148,"PINECLIFFE 2.0 ESE, CO US",0.9971,GHCND:US1COGL0037,METERS,-105.3986
608,2617.0,2024-04-01,2024-11-01,39.835238,"BLACK HAWK 3.6 NE, CO US",0.998,GHCND:US1COGL0038,METERS,-105.441962
609,2927.9,2004-11-01,2026-01-01,38.9603,"CRESTED BUTTE 6.2 N, CO US",0.996,GHCND:US1COGN0018,METERS,-106.9908
610,2439.6,2009-08-01,2023-03-01,38.48433,"PARLIN 2.7 ESE, CO US",0.8294,GHCND:US1COGN0039,METERS,-106.674219
611,2420.4,2009-07-01,2026-01-01,38.639122,"GUNNISON 6.6 N, CO US",0.9997,GHCND:US1COGN0040,METERS,-106.940753
612,2345.1,2009-07-01,2026-01-01,38.5402,"GUNNISON 0.8 NNW, CO US",0.9545,GHCND:US1COGN0041,METERS,-106.9238
613,2564.9,2010-01-01,2021-12-01,39.07911,"MARBLE 0.5 NNW, CO US",1.0,GHCND:US1COGN0050,METERS,-107.190612
614,2763.0,2014-09-01,2024-10-01,38.3401,"POWDERHORN 4.4 NNE, CO US",0.9425,GHCND:US1COGN0058,METERS,-107.0943
615,2785.6,2015-02-01,2025-02-01,38.5985,"PITKIN 1.1 SW, CO US",0.9178,GHCND:US1COGN0059,METERS,-106.5313
616,2822.4,2017-06-01,2026-01-01,38.894713,"CRESTED BUTTE 1.9 NNE, CO US",0.865,GHCND:US1COGN0066,METERS,-106.968497
617,2365.9,2019-09-01,2022-07-01,38.546887,"GUNNISON 0.2 NW, CO US",0.3144,GHCND:US1COGN0068,METERS,-106.929616
618,2700.8,2021-06-01,2022-06-01,38.8673432865447,"CRESTED BUTTE 0.5 ESE, CO US",0.1541,GHCND:US1COGN0070,METERS,-106.974140331142
619,2479.9,2023-08-01,2025-11-01,38.42861,"DOYLEVILLE 0.7 NNE, CO US",0.5352,GHCND:US1COGN0072,METERS,-106.575
620,2639.0,2003-03-01,2023-06-01,40.0063,"TABERNASH 2.5 ENE, CO US",0.5041,GHCND:US1COGR0005,METERS,-105.7988
621,2405.8,2009-12-01,2026-01-01,40.091093,"PARSHALL 3.0 NNW, CO US",0.9998,GHCND:US1COGR0052,METERS,-106.200002
622,2611.5,2010-01-01,2023-06-01,40.0015121,"TABERNASH 1.9 NW, CO US",0.4817,GHCND:US1COGR0053,METERS,-105.8724811
623,2678.0,2015-07-01,2026-01-01,40.0071,"TABERNASH 2.7 NW, CO US",0.5744,GHCND:US1COGR0068,METERS,-105.8862
624,2609.7,2016-10-01,2026-01-01,40.19972222,"GRANBY 7.7 N, CO US",0.9104,GHCND:US1COGR0073,METERS,-105.9258333
625,2640.2,2020-04-01,2026-01-01,40.10674,"KREMMLING 9.1 WNW, CO US",0.9994,GHCND:US1COGR0077,METERS,-106.53432
626,2596.3,2021-03-01,2023-10-01,40.2082,"GRAND LAKE 3.7 SW, CO US",0.3746,GHCND:US1COGR0078,METERS,-105.8634
627,2448.2,2021-08-01,2022-08-01,40.11857,"GRANBY 2.9 NE, CO US",0.2306,GHCND:US1COGR0081,METERS,-105.899745
628,2567.0,2021-07-01,2021-09-01,40.25355,"GRAND LAKE 0.2 NE, CO US",0.9925,GHCND:US1COGR0082,METERS,-105.81857
629,2607.9,2021-06-01,2025-09-01,40.214001,"GRAND LAKE 3.5 SW, CO US",0.3461,GHCND:US1COGR0083,METERS,-105.867762
630,2584.1,2021-08-01,2025-08-01,39.9259258,"PARSHALL 8.8 SSE, CO US",0.102,GHCND:US1COGR0086,METERS,-106.1391193
631,2562.1,2021-06-01,2021-06-01,40.251851,"GRAND LAKE 0.3 E, CO US",1.0,GHCND:US1COGR0088,METERS,-105.815302
632,2568.2,2021-08-01,2021-08-01,40.1751325,"GRANBY 6.2 NNE, CO US",0.9819,GHCND:US1COGR0093,METERS,-105.9073648
633,2458.8,2021-02-01,2026-01-01,37.52402,"LA VETA 7.8 W, CO US",0.8334,GHCND:US1COHF0003,METERS,-105.149047
634,2069.9,2004-11-01,2026-01-01,37.6491,"WALSENBURG 8.7 W, CO US",0.7607,GHCND:US1COHF0014,METERS,-104.9336
635,2498.4,2010-06-01,2025-08-01,37.675808,"GARDNER 7.9 SSW, CO US",0.0656,GHCND:US1COHF0027,METERS,-105.231674
636,2164.7,2015-08-01,2026-01-01,37.60339,"WALSENBURG 11.5 W, CO US",0.9995,GHCND:US1COHF0041,METERS,-104.9905
637,1781.6,2018-01-01,2024-04-01,37.68,"WALSENBURG 7.9 ENE, CO US",0.9874,GHCND:US1COHF0044,METERS,-104.65
638,2503.0,2021-03-01,2026-01-01,37.8627753,"GARDNER 7.1 NE, CO US",0.9311,GHCND:US1COHF0051,METERS,-105.0928987
639,2314.0,2021-03-01,2026-01-01,37.83504,"GARDNER 6.0 NE, CO US",0.8803,GHCND:US1COHF0052,METERS,-105.09192
640,2608.5,2021-08-01,2025-08-01,37.490929,"LA VETA 8.1 W, CO US",0.1428,GHCND:US1COHF0053,METERS,-105.153878
641,2010.8,2021-07-01,2023-01-01,37.590433,"WALSENBURG 3.3 SW, CO US",0.9446,GHCND:US1COHF0054,METERS,-104.817172
642,2151.3,2022-07-01,2022-09-01,37.50562,"LA VETA 0.3 SSW, CO US",0.9925,GHCND:US1COHF0055,METERS,-105.01002
643,1968.4,2023-07-01,2024-08-01,37.81672,"RYE 7.4 S, CO US",0.5689,GHCND:US1COHF0056,METERS,-104.9054986
644,1692.9,2005-10-01,2026-01-01,39.5884,"DENVER 11.0 SSW, CO US",0.8851,GHCND:US1COJF0001,METERS,-105.075
645,1699.0,2001-05-01,2026-01-01,39.7005,"DENVER 6.1 WSW, CO US",0.9897,GHCND:US1COJF0003,METERS,-105.0985
646,1816.0,2002-10-01,2024-04-01,39.7664,"GOLDEN 1.2 NW, CO US",0.2742,GHCND:US1COJF0020,METERS,-105.2382
647,2436.9,2002-06-01,2026-01-01,39.5561,"EVERGREEN 5.3 S, CO US",0.9012,GHCND:US1COJF0051,METERS,-105.3114
648,2585.3,2002-05-01,2026-01-01,39.493991,"CONIFER 3.2 SW, CO US",0.7858,GHCND:US1COJF0053,METERS,-105.349733
649,1702.0,2002-08-01,2026-01-01,39.581,"CHATFIELD DAM 2 NW, CO US",0.858,GHCND:US1COJF0061,METERS,-105.0762
650,2293.0,2002-07-01,2026-01-01,39.7866,"GOLDEN 4.8 NW, CO US",0.975,GHCND:US1COJF0063,METERS,-105.2811
651,1670.0,2002-06-01,2026-01-01,39.8632,"DENVER 10.3 NW, CO US",0.264,GHCND:US1COJF0071,METERS,-105.1023
652,1656.9,2002-07-01,2026-01-01,39.8826,"BROOMFIELD 2.3 SSW, CO US",0.8973,GHCND:US1COJF0072,METERS,-105.1056
653,2717.9,2002-07-01,2022-10-01,39.5061,"CONIFER 2.1 WSW, CO US",0.2459,GHCND:US1COJF0078,METERS,-105.3359
654,2560.3,2002-09-01,2026-01-01,39.48388,"CONIFER 3.9 SE, CO US",0.9679,GHCND:US1COJF0081,METERS,-105.2434
655,2158.0,2002-06-01,2025-11-01,39.6212,"EVERGREEN 3.2 ESE, CO US",0.4681,GHCND:US1COJF0084,METERS,-105.2542
656,2475.0,2003-06-01,2026-01-01,39.6183,"KITTREDGE 2.5 SSE, CO US",0.9704,GHCND:US1COJF0128,METERS,-105.2793
657,2378.0,2004-01-01,2026-01-01,39.5795,"EVERGREEN 4.2 SSE, CO US",0.9885,GHCND:US1COJF0157,METERS,-105.2789
658,1681.0,2004-06-01,2026-01-01,39.68353,"LAKEWOOD 2.2 ESE, CO US",0.9037,GHCND:US1COJF0179,METERS,-105.07579
659,1712.1,2004-06-01,2023-07-01,39.5891,"LITTLETON 4.7 WSW, CO US",0.7001,GHCND:US1COJF0184,METERS,-105.1006
660,1845.0,2009-08-01,2025-12-01,39.5769,"LITTLETON 8.2 WSW, CO US",0.0558,GHCND:US1COJF0201,METERS,-105.1635
661,1783.1,2004-07-01,2026-01-01,39.6082,"LITTLETON 6.4 W, CO US",0.9998,GHCND:US1COJF0212,METERS,-105.1371
662,1647.1,2004-10-01,2022-10-01,39.7736,"DENVER 6.6 W, CO US",0.8433,GHCND:US1COJF0217,METERS,-105.0589
663,2603.9,2004-08-01,2024-11-01,39.4722,"CONIFER 5.7 SW, CO US",0.5697,GHCND:US1COJF0222,METERS,-105.3913
664,1706.6,2004-12-01,2026-01-01,39.817103,"ARVADA 3.8 W, CO US",0.9408,GHCND:US1COJF0240,METERS,-105.177416
665,1686.2,2008-09-01,2026-01-01,39.8502,"ARVADA 3.3 NNW, CO US",0.6411,GHCND:US1COJF0251,METERS,-105.1009
666,2660.9,2005-09-01,2025-12-01,39.77385,"GOLDEN 9.4 WNW, CO US",0.6844,GHCND:US1COJF0267,METERS,-105.38644
667,1696.5,2007-05-01,2026-01-01,39.756366,"WHEAT RIDGE 2.8 WSW, CO US",0.9952,GHCND:US1COJF0290,METERS,-105.146817
668,2403.0,2012-11-01,2023-06-01,39.583938,"EVERGREEN 3.6 SSW, CO US",0.7113,GHCND:US1COJF0318,METERS,-105.365284
669,1692.2,2009-08-01,2026-01-01,39.831025,"ARVADA 1.1 NW, CO US",0.3989,GHCND:US1COJF0327,METERS,-105.122874
670,2801.7,2009-10-01,2026-01-01,39.88175,"GOLDEN 12.5 NW, CO US",0.9386,GHCND:US1COJF0331,METERS,-105.390301
671,1692.9,2010-07-01,2026-01-01,39.5403,"LITTLETON 5.7 SW, CO US",0.8018,GHCND:US1COJF0332,METERS,-105.0963
672,1751.1,2009-10-01,2024-05-01,39.67736,"LAKEWOOD 1.7 SW, CO US",1.0,GHCND:US1COJF0333,METERS,-105.136721
673,1720.6,2009-11-01,2023-08-01,39.588649,"LITTLETON 4.6 W, CO US",0.7712,GHCND:US1COJF0335,METERS,-105.100359
674,1763.6,2010-01-01,2026-01-01,39.572217,"KEN CARYL 0.6 WSW, CO US",0.6217,GHCND:US1COJF0338,METERS,-105.122118
675,1805.6,2009-12-01,2026-01-01,39.689584,"LAKEWOOD 1.5 WSW, CO US",0.3041,GHCND:US1COJF0340,METERS,-105.141692
676,1656.9,2010-04-01,2026-01-01,39.7667,"WHEAT RIDGE 0.9 WSW, CO US",0.9786,GHCND:US1COJF0343,METERS,-105.1142
677,1682.2,2011-11-01,2026-01-01,39.76545,"WHEAT RIDGE 0.6 S, CO US",0.7308,GHCND:US1COJF0354,METERS,-105.100501
678,2290.0,2021-03-01,2021-03-01,39.7066609,"EVERGREEN 5.3 NNW, CO US",0.9819,GHCND:US1COJF0355,METERS,-105.347709
679,1784.9,2013-09-01,2022-11-01,39.608553,"LITTLETON 6.6 W, CO US",0.2072,GHCND:US1COJF0359,METERS,-105.139661
680,1668.5,2012-09-01,2025-10-01,39.6478042602539,"DENVER 7.6 SW, CO US",0.2405,GHCND:US1COJF0372,METERS,-105.06755065918
681,1756.0,2012-10-01,2024-11-01,39.617959,"LITTLETON 6.0 W, CO US",0.952,GHCND:US1COJF0376,METERS,-105.130262
682,2358.5,2013-05-01,2026-01-01,39.6244,"EVERGREEN 2.0 ESE, CO US",0.9996,GHCND:US1COJF0395,METERS,-105.3068
683,1613.3,2013-07-01,2026-01-01,39.9055099487305,"WESTMINSTER 1.7 NNW, CO US",0.9996,GHCND:US1COJF0399,METERS,-105.057167053223
684,2419.2,2013-09-01,2026-01-01,39.556618,"ASPEN PARK 2.8 NNE, CO US",0.8925,GHCND:US1COJF0407,METERS,-105.246643
685,1652.6,2023-05-01,2023-05-01,39.8713,"WESTMINSTER 1.1 SW, CO US",0.9819,GHCND:US1COJF0410,METERS,-105.0677
686,1712.7,2013-10-01,2026-01-01,39.620859,"LITTLETON 4.7 W, CO US",0.8579,GHCND:US1COJF0414,METERS,-105.103707
687,2272.0,2014-02-01,2026-01-01,39.65155556,"EVERGREEN 1.3 NNE, CO US",0.4236,GHCND:US1COJF0424,METERS,-105.3356667
688,2368.6,2014-03-01,2024-02-01,39.89593055555,"GOLDEN 11.8 NW, CO US",0.9999,GHCND:US1COJF0425,METERS,-105.350805555556
689,1663.9,2014-06-01,2023-10-01,39.763129,"WHEAT RIDGE 1.4 WSW, CO US",0.0885,GHCND:US1COJF0428,METERS,-105.121055
690,1719.1,2014-06-01,2026-01-01,39.839097,"ARVADA 1.4 NNW, CO US",0.9782,GHCND:US1COJF0430,METERS,-105.117847
691,1688.0,2015-06-01,2025-11-01,39.824232,"ARVADA 2.9 W, CO US",0.1666,GHCND:US1COJF0444,METERS,-105.161998
692,2216.5,2021-05-01,2023-08-01,39.6354560852051,"EVERGREEN 0.9 E, CO US",0.1784,GHCND:US1COJF0448,METERS,-105.32502746582
693,1878.8,2021-08-01,2021-08-01,39.868059,"ARVADA 7.1 WNW, CO US",0.9819,GHCND:US1COJF0451,METERS,-105.226522
694,1740.7,2016-09-01,2026-01-01,39.848753,"ARVADA 3.5 WNW, CO US",0.9998,GHCND:US1COJF0457,METERS,-105.162186
695,2294.2,2017-10-01,2025-12-01,39.68783,"GOLDEN 4.9 SW, CO US",0.6968,GHCND:US1COJF0465,METERS,-105.27899
696,2356.1,2018-05-01,2022-01-01,39.704,"EVERGREEN 5.4 NNW, CO US",0.7765,GHCND:US1COJF0470,METERS,-105.3854
697,1677.3,2018-03-01,2026-01-01,39.83598,"ARVADA 1.8 NE, CO US",0.8414,GHCND:US1COJF0471,METERS,-105.07923
698,1660.2,2018-06-01,2023-09-01,39.849008,"ARVADA 2.7 NE, CO US",0.5938,GHCND:US1COJF0474,METERS,-105.070586
699,2287.5,2018-09-01,2024-03-01,39.659976,"EVERGREEN 1.8 N, CO US",0.7912,GHCND:US1COJF0484,METERS,-105.3404
700,1886.4,2018-12-01,2026-01-01,39.5813,"KEN CARYL 3.2 W, CO US",0.43,GHCND:US1COJF0486,METERS,-105.1706
701,1681.9,2019-06-01,2021-09-01,39.85343,"ARVADA 2.2 N, CO US",0.4996,GHCND:US1COJF0495,METERS,-105.10294
702,1675.5,2019-08-01,2023-08-01,39.5486,"LITTLETON 5.5 SW, CO US",0.2244,GHCND:US1COJF0496,METERS,-105.0983
703,2222.0,2019-06-01,2026-01-01,39.723413,"GOLDEN 1.6 SW, CO US",0.9742,GHCND:US1COJF0497,METERS,-105.237757
704,1638.3,2019-06-01,2026-01-01,39.78316,"WHEAT RIDGE 1.2 ENE, CO US",0.9867,GHCND:US1COJF0499,METERS,-105.07959
705,1703.2,2020-06-01,2023-06-01,39.757992,"GOLDEN 3.0 ENE, CO US",0.2706,GHCND:US1COJF0502,METERS,-105.164377
706,1658.4,2020-01-01,2021-12-01,39.769541,"WHEAT RIDGE 0.3 SSW, CO US",0.3331,GHCND:US1COJF0503,METERS,-105.101913
707,1700.8,2020-04-01,2026-01-01,39.7942,"ARVADA 3.6 WSW, CO US",0.9851,GHCND:US1COJF0504,METERS,-105.1639
708,1647.7,2020-06-01,2021-06-01,39.87173,"WESTMINSTER 3.0 WSW, CO US",1.0,GHCND:US1COJF0511,METERS,-105.1052
709,1642.6,2020-10-01,2025-04-01,39.873732,"WESTMINSTER 0.6 SW, CO US",1.0,GHCND:US1COJF0513,METERS,-105.057808
710,1705.1,2020-11-01,2026-01-01,39.749397,"GOLDEN 3.9 E, CO US",0.7617,GHCND:US1COJF0514,METERS,-105.144035
711,1741.0,2020-09-01,2025-10-01,39.626536,"KEN CARYL 3.5 N, CO US",0.871,GHCND:US1COJF0518,METERS,-105.116708
712,2607.3,2021-02-01,2022-03-01,39.5581577,"CONIFER 4.1 NW, CO US",0.8614,GHCND:US1COJF0523,METERS,-105.358165
713,1726.1,2021-01-01,2026-01-01,39.5701,"LITTLETON 4.5 WSW, CO US",0.9998,GHCND:US1COJF0526,METERS,-105.0923
714,1732.5,2021-02-01,2021-11-01,39.688257,"LAKEWOOD 0.7 SW, CO US",0.7032,GHCND:US1COJF0528,METERS,-105.122435
715,2237.5,2021-02-01,2026-01-01,39.5126753,"DEERMONT 1.2 ENE, CO US",0.7668,GHCND:US1COJF0530,METERS,-105.1637518
716,1741.6,2021-02-01,2025-10-01,39.8500105317201,"ARVADA 3.6 NW, CO US",0.6846,GHCND:US1COJF0532,METERS,-105.162380353658
717,2270.8,2023-01-01,2023-02-01,39.58734,"MORRISON 5.4 SSW, CO US",1.0,GHCND:US1COJF0537,METERS,-105.23457
718,1710.2,2021-05-01,2021-10-01,39.74888,"GOLDEN 3.6 E, CO US",0.8271,GHCND:US1COJF0544,METERS,-105.148801
719,1632.2,2021-06-01,2026-01-01,39.799667,"ARVADA 1.7 SSE, CO US",0.7493,GHCND:US1COJF0546,METERS,-105.091554
720,2548.1,2021-06-01,2022-11-01,39.52656,"ASPEN PARK 1.9 ENE, CO US",0.7221,GHCND:US1COJF0547,METERS,-105.235518
721,1655.1,2021-05-01,2023-06-01,39.7596,"WHEAT RIDGE 2.3 ESE, CO US",0.4618,GHCND:US1COJF0548,METERS,-105.059
722,2107.7,2023-06-01,2023-09-01,39.653183,"KITTREDGE 0.3 NW, CO US",0.7485,GHCND:US1COJF0550,METERS,-105.303525
723,2291.2,2025-09-01,2025-11-01,39.595833,"EVERGREEN 2.6 S, CO US",1.0,GHCND:US1COJF0551,METERS,-105.34194
724,1862.3,2021-12-01,2026-01-01,39.867323,"ARVADA 6.6 WNW, CO US",0.8993,GHCND:US1COJF0554,METERS,-105.214561
725,1711.1,2022-01-01,2026-01-01,39.831382,"ARVADA 0.7 NNE, CO US",0.6528,GHCND:US1COJF0555,METERS,-105.10233
726,2614.6,2022-04-01,2024-05-01,39.4778712,"CONIFER 2.9 S, CO US",0.9223,GHCND:US1COJF0562,METERS,-105.298237
727,1786.4,2022-08-01,2025-08-01,39.7366,"GOLDEN 1.2 E, CO US",0.3241,GHCND:US1COJF0563,METERS,-105.1922425
728,2307.0,2022-05-01,2026-01-01,39.80744,"GOLDEN 6.5 NW, CO US",0.9096,GHCND:US1COJF0564,METERS,-105.29989
729,2118.4,2023-07-01,2023-10-01,39.652448,"KITTREDGE 0.3 NW, CO US",0.9898,GHCND:US1COJF0566,METERS,-105.303935
730,2238.1,2022-06-01,2023-06-01,39.6169,"EVERGREEN 1.2 SSE, CO US",0.2312,GHCND:US1COJF0569,METERS,-105.3364
731,1663.6,2022-07-01,2026-01-01,39.6016532,"LITTLETON 2.5 W, CO US",0.8126,GHCND:US1COJF0572,METERS,-105.0601024
732,2589.9,2022-08-01,2026-01-01,39.496074,"CONIFER 1.8 SSE, CO US",0.8561,GHCND:US1COJF0573,METERS,-105.288788
733,2294.8,2023-10-01,2025-11-01,39.354604,"BUFFALO CREEK 2.4 SE, CO US",0.1922,GHCND:US1COJF0575,METERS,-105.238351
734,1648.4,2022-09-01,2025-09-01,39.71738,"LAKEWOOD 3.4 ENE, CO US",0.838,GHCND:US1COJF0576,METERS,-105.05707
735,1834.9,2022-10-01,2023-06-01,39.8661,"ARVADA 6.3 WNW, CO US",0.223,GHCND:US1COJF0577,METERS,-105.21
736,1635.9,2023-02-01,2023-11-01,39.7995584,"ARVADA 1.8 SE, CO US",0.7032,GHCND:US1COJF0582,METERS,-105.0875867
737,1663.6,2023-04-01,2026-01-01,39.76079,"WHEAT RIDGE 2.5 ESE, CO US",0.8805,GHCND:US1COJF0585,METERS,-105.05521
738,1739.2,2023-08-01,2025-04-01,39.627894,"LITTLETON 6.3 WNW, CO US",0.1429,GHCND:US1COJF0591,METERS,-105.124712
739,1725.2,2023-08-01,2026-01-01,39.8507341,"ARVADA 3.1 NW, CO US",0.6986,GHCND:US1COJF0593,METERS,-105.1500466
740,2677.4,2023-11-01,2026-01-01,39.548986,"CONIFER 3.5 NW, CO US",0.9986,GHCND:US1COJF0596,METERS,-105.353794
741,1668.2,2024-05-01,2026-01-01,39.793001,"ARVADA 2.2 SSW, CO US",0.6173,GHCND:US1COJF0598,METERS,-105.124111
742,2322.3,2024-03-01,2024-06-01,39.645278,"EVERGREEN 1.2 NE, CO US",0.499,GHCND:US1COJF0599,METERS,-105.325278
743,2658.5,2009-02-01,2025-09-01,40.658907,"WALDEN 16.3 WSW, CO US",0.9802,GHCND:US1COJK0023,METERS,-106.578102
744,2731.3,2017-06-01,2023-09-01,40.5213171243668,"GOULD 0.5 W, CO US",0.2237,GHCND:US1COJK0031,METERS,-106.029412820935
745,2475.0,2024-08-01,2026-01-01,40.7284,"WALDEN 0.2 S, CO US",0.998,GHCND:US1COJK0036,METERS,-106.2806
746,1382.0,2000-06-01,2026-01-01,39.4915,"LIBERTY 15 SW, CO US",0.9544,GHCND:US1COKC0050,METERS,-102.8229
747,1232.0,2003-06-01,2026-01-01,39.4166,"BURLINGTON 8.4 NNE, CO US",0.9079,GHCND:US1COKC0080,METERS,-102.2036
748,1349.0,2003-05-01,2026-01-01,39.3045,"STRATTON .25 WNW, CO US",0.7653,GHCND:US1COKC0084,METERS,-102.6089
749,1342.9,2009-01-01,2024-02-01,39.304592,"STRATTON 0.1 N, CO US",0.9014,GHCND:US1COKC0123,METERS,-102.603622
750,1411.2,2013-05-01,2026-01-01,39.214733,"VONA 6.5 SSW, CO US",0.5096,GHCND:US1COKC0130,METERS,-102.785733
751,1269.2,2021-07-01,2021-07-01,39.3863276392221,"BURLINGTON 7.7 NW, CO US",0.9819,GHCND:US1COKC0139,METERS,-102.371779605746
752,1279.6,2025-01-01,2025-12-01,39.5081176757813,"STRATTON 14.2 N, CO US",1.0,GHCND:US1COKC0141,METERS,-102.583953857422
753,1182.9,2011-03-01,2024-09-01,38.4331,"EADS 12 ESE, CO US",0.0245,GHCND:US1COKW0001,METERS,-102.5544
754,1283.2,2004-01-01,2026-01-01,38.4797,"EADS .45 E, CO US",0.9848,GHCND:US1COKW0004,METERS,-102.7735
755,1386.8,2017-05-01,2025-12-01,38.4532,"HASWELL .07 NNW, CO US",0.7689,GHCND:US1COKW0007,METERS,-103.1634
756,1200.9,2017-05-01,2023-07-01,38.281589,"EADS 13.6 S, CO US",0.5066,GHCND:US1COKW0021,METERS,-102.794058
757,1313.7,2012-01-01,2026-01-01,38.27992,"EADS 16.6 SW, CO US",0.8105,GHCND:US1COKW0029,METERS,-102.950071
758,1252.4,2013-06-01,2025-02-01,38.44793,"EADS 6.1 ESE, CO US",0.6668,GHCND:US1COKW0038,METERS,-102.674644
759,1290.8,2021-06-01,2022-09-01,38.482733,"EADS 1.0 W, CO US",0.5,GHCND:US1COKW0044,METERS,-102.797511
760,2178.1,1998-07-01,2026-01-01,37.359379,"AGUILAR 7.0 WSW, CO US",0.7883,GHCND:US1COLA0033,METERS,-104.768679
761,1632.8,2019-06-01,2024-07-01,37.326779,"MODEL 5.6 E, CO US",0.79,GHCND:US1COLA0063,METERS,-104.128357
762,1739.2,2020-01-01,2023-04-01,37.2458276152611,"KIM 0.2 W, CO US",0.0501,GHCND:US1COLA0066,METERS,-103.355529382825
763,1880.3,2017-07-01,2026-01-01,37.17511,"TRINIDAD 1.9 ENE, CO US",0.9606,GHCND:US1COLA0071,METERS,-104.47258
764,1667.0,2017-02-01,2026-01-01,37.65126667,"WALSENBURG 24.8 E, CO US",1.0,GHCND:US1COLA0072,METERS,-104.3242833
765,1656.6,2018-09-01,2026-01-01,37.797393,"FOWLER 27.4 SSW, CO US",0.9996,GHCND:US1COLA0077,METERS,-104.301938
766,1900.4,2018-12-01,2021-02-01,37.345955,"TRINIDAD 12.8 NNW, CO US",0.519,GHCND:US1COLA0085,METERS,-104.575028
767,1960.2,2019-06-01,2026-01-01,37.10558,"TRINIDAD 4.5 SSW, CO US",0.9492,GHCND:US1COLA0087,METERS,-104.52644
768,1557.8,2019-06-01,2026-01-01,37.19445,"PRITCHETT 19.2 SW, CO US",0.9867,GHCND:US1COLA0088,METERS,-103.12885
769,1908.0,2020-06-01,2025-12-01,37.15416667,"TRINIDAD 1.1 SSE, CO US",0.9101,GHCND:US1COLA0090,METERS,-104.49861
770,2040.0,2021-08-01,2026-01-01,37.1844,"BONCARBO 4.8 ESE, CO US",0.9252,GHCND:US1COLA0091,METERS,-104.6251
771,1874.8,2021-11-01,2026-01-01,37.1705071,"TRINIDAD 1.0 W, CO US",0.8232,GHCND:US1COLA0092,METERS,-104.524109
772,1218.9,2002-08-01,2022-09-01,40.7023,"STERLING 3.7 NNE, CO US",0.3926,GHCND:US1COLG0006,METERS,-103.1945
773,1203.0,2005-07-01,2026-01-01,40.6142,"STERLING 2.6 SSW, CO US",0.5626,GHCND:US1COLG0035,METERS,-103.2283
774,1200.3,2012-04-01,2026-01-01,40.628999,"STERLING 1.5 S, CO US",0.9756,GHCND:US1COLG0049,METERS,-103.209027
775,1170.7,2013-05-01,2025-09-01,40.7595329284668,"ILIFF 0.1 NNW, CO US",0.4697,GHCND:US1COLG0056,METERS,-103.066146850586
776,1200.0,2013-10-01,2021-12-01,40.6309204101563,"STERLING 1.5 SSE, CO US",0.8685,GHCND:US1COLG0059,METERS,-103.204734802246
777,1203.0,2018-05-01,2024-11-01,40.6183433532715,"STERLING 2.3 S, CO US",0.759,GHCND:US1COLG0060,METERS,-103.215705871582
778,1200.0,2018-09-01,2026-01-01,40.860587,"ILIFF 8.9 NE, CO US",0.7525,GHCND:US1COLG0067,METERS,-102.961371
779,,2023-05-01,2025-09-01,40.6117961,"STERLING 2.8 SSW, CO US",0.5509,GHCND:US1COLG0074,,-103.2297674
780,1202.1,2023-04-01,2025-11-01,40.62616,"STERLING 1.7 S, CO US",0.3122,GHCND:US1COLG0075,METERS,-103.2164
781,1221.9,2023-06-01,2025-09-01,40.7018711,"STERLING 3.6 NNE, CO US",0.107,GHCND:US1COLG0077,METERS,-103.2013647
782,3037.9,2002-12-01,2026-01-01,39.2573,"LEADVILLE 1.4 WNW, CO US",0.9459,GHCND:US1COLK0001,METERS,-106.3173
783,2959.0,2003-06-01,2026-01-01,39.1601,"LEADVILLE 6.3 S, CO US",0.974,GHCND:US1COLK0010,METERS,-106.2816
784,1499.9,2003-07-01,2026-01-01,38.6779,"KARVAL 9.8 WSW, CO US",0.9923,GHCND:US1COLN0018,METERS,-103.7049
785,1603.9,2005-01-01,2025-06-01,38.7245,"KARVAL 4.8 W, CO US",0.6465,GHCND:US1COLN0034,METERS,-103.6262
786,1563.9,2005-01-01,2021-04-01,38.7357,"KARVAL 0.2 NE, CO US",0.9186,GHCND:US1COLN0036,METERS,-103.5345
787,1741.0,2009-08-01,2022-09-01,39.389268,"LIMON 8.6 N, CO US",0.0316,GHCND:US1COLN0041,METERS,-103.666923
788,1453.9,2024-01-01,2025-08-01,38.6408723,"HASWELL 13.9 NNW, CO US",0.9996,GHCND:US1COLN0049,METERS,-103.2562573
789,1644.7,2014-04-01,2026-01-01,39.266866,"LIMON 0.3 W, CO US",0.9362,GHCND:US1COLN0053,METERS,-103.69515
790,1722.4,2015-01-01,2026-01-01,39.325534,"LIMON 6.9 NE, CO US",0.9998,GHCND:US1COLN0054,METERS,-103.584816
791,1646.2,2021-05-01,2025-12-01,39.0550473332405,"HUGO 10.3 WSW, CO US",0.9813,GHCND:US1COLN0056,METERS,-103.630047440529
792,1536.2,2016-04-01,2026-01-01,39.130491,"HUGO 0.3 SSW, CO US",0.9911,GHCND:US1COLN0057,METERS,-103.470115
793,1617.0,2018-12-01,2026-01-01,38.72735,"RUSH 12.3 SE, CO US",0.9646,GHCND:US1COLN0060,METERS,-103.89265
794,1642.0,2023-06-01,2025-10-01,39.265967,"LIMON 0.2 W, CO US",0.9985,GHCND:US1COLN0063,METERS,-103.692964
795,2171.1,2003-11-01,2026-01-01,37.2584,"DURANGO 4.9 ESE, CO US",0.7377,GHCND:US1COLP0008,METERS,-107.793
796,2019.0,2004-01-01,2026-01-01,37.2736,"DURANGO 0.8 SSW, CO US",0.9923,GHCND:US1COLP0022,METERS,-107.8749
797,2037.9,2004-11-01,2026-01-01,37.1112,"HESPERUS 13.3 SSW, CO US",0.9333,GHCND:US1COLP0026,METERS,-108.1445
798,2004.1,2007-03-01,2025-03-01,37.3875,"DURANGO 7.1 N, CO US",0.516,GHCND:US1COLP0034,METERS,-107.8455
799,2499.4,2013-09-01,2026-01-01,37.335179,"BAYFIELD 7.0 N, CO US",0.7583,GHCND:US1COLP0035,METERS,-107.608196
800,2134.5,2009-06-01,2025-09-01,37.237854,"BAYFIELD 0.3 N, CO US",0.6683,GHCND:US1COLP0042,METERS,-107.594858
801,2053.4,2009-07-01,2026-01-01,37.18962,"IGNACIO 6.9 NW, CO US",0.6279,GHCND:US1COLP0048,METERS,-107.72041
802,2005.9,2012-07-01,2026-01-01,37.27143,"DURANGO 1.5 SW, CO US",0.6378,GHCND:US1COLP0059,METERS,-107.89038
803,2264.7,2011-11-01,2023-11-01,37.2526,"DURANGO 4.8 WSW, CO US",0.8622,GHCND:US1COLP0061,METERS,-107.9456
804,2035.5,2012-10-01,2026-01-01,37.1584777832031,"IGNACIO 2.9 N, CO US",0.9935,GHCND:US1COLP0067,METERS,-107.626419067383
805,2063.8,2012-10-01,2026-01-01,37.13775,"REDMESA 4.2 NW, CO US",0.8811,GHCND:US1COLP0070,METERS,-108.22887
806,2195.2,2013-08-01,2026-01-01,37.22684,"HESPERUS 4.9 SE, CO US",0.9997,GHCND:US1COLP0072,METERS,-107.97228
807,2217.7,2013-09-01,2026-01-01,37.18044,"HESPERUS 6.9 S, CO US",0.8656,GHCND:US1COLP0078,METERS,-108.03632
808,2714.5,2014-08-01,2026-01-01,37.597778,"ROCKWOOD 6.9 NNW, CO US",0.9851,GHCND:US1COLP0079,METERS,-107.825278
809,1988.8,2014-10-01,2022-08-01,37.246155,"DURANGO 2.8 S, CO US",0.6525,GHCND:US1COLP0080,METERS,-107.876617
810,2144.3,2017-03-01,2025-09-01,37.177,"HESPERUS 9.8 SW, CO US",0.6018,GHCND:US1COLP0083,METERS,-108.152
811,2001.3,2016-06-01,2025-05-01,37.2741050720215,"DURANGO 0.9 SSW, CO US",0.6112,GHCND:US1COLP0085,METERS,-107.876403808594
812,2094.9,2018-02-01,2026-01-01,37.281153,"DURANGO 0.9 ESE, CO US",0.3958,GHCND:US1COLP0093,METERS,-107.854486
813,2269.8,2006-06-01,2026-01-01,37.324399,"BAYFIELD 6.2 N, CO US",0.9913,GHCND:US1COLP0098,METERS,-107.597931
814,2121.1,2018-09-01,2021-07-01,37.299944,"DURANGO 2.3 ENE, CO US",0.3715,GHCND:US1COLP0100,METERS,-107.8311944
815,1850.7,2020-07-01,2021-02-01,37.06243,"DURANGO 15.5 S, CO US",0.8768,GHCND:US1COLP0109,METERS,-107.8736
816,2020.5,2019-12-01,2022-08-01,37.417963,"DURANGO 9.4 NNE, CO US",0.3937,GHCND:US1COLP0110,METERS,-107.827959
817,2181.1,2019-12-01,2025-01-01,37.298267,"DURANGO 1.4 NW, CO US",0.7734,GHCND:US1COLP0111,METERS,-107.889205
818,2197.3,2020-05-01,2026-01-01,37.30827,"BAYFIELD 5.2 N, CO US",0.8688,GHCND:US1COLP0113,METERS,-107.61104
819,2120.2,2021-02-01,2025-02-01,37.337561,"DURANGO 3.6 N, CO US",0.2453,GHCND:US1COLP0115,METERS,-107.866451
820,2044.3,2020-12-01,2026-01-01,37.28624,"DURANGO 0.9 W, CO US",0.8867,GHCND:US1COLP0117,METERS,-107.88605
821,2270.2,2021-03-01,2025-09-01,37.385738,"DURANGO 6.9 N, CO US",0.2544,GHCND:US1COLP0119,METERS,-107.863518
822,2110.7,2021-10-01,2025-12-01,37.219578,"DURANGO 6.0 SE, CO US",0.9604,GHCND:US1COLP0121,METERS,-107.799585
823,2097.6,2022-07-01,2025-10-01,37.282312,"DURANGO 0.9 ESE, CO US",0.4744,GHCND:US1COLP0122,METERS,-107.853724
824,2245.5,2022-07-01,2022-11-01,37.322167,"BAYFIELD 6.1 N, CO US",0.7958,GHCND:US1COLP0123,METERS,-107.59905
825,2008.3,2023-04-01,2025-12-01,37.38827,"DURANGO 7.2 N, CO US",0.7867,GHCND:US1COLP0127,METERS,-107.8436
826,1963.2,2023-10-01,2025-03-01,37.0430767,"IGNACIO 9.1 SE, CO US",0.3888,GHCND:US1COLP0129,METERS,-107.4977617
827,2049.2,2024-01-01,2024-09-01,37.28713,"DURANGO 0.9 W, CO US",0.8887,GHCND:US1COLP0130,METERS,-107.886045
828,2268.9,2024-01-01,2026-01-01,37.19448,"HESPERUS 5.9 S, CO US",0.8788,GHCND:US1COLP0131,METERS,-108.03732
829,2027.5,2024-06-01,2026-01-01,37.32269,"DURANGO 2.7 NNE, CO US",0.6986,GHCND:US1COLP0132,METERS,-107.8529
830,2015.9,2001-06-01,2026-01-01,40.6024,"BELLVUE 5.9 W, CO US",0.4053,GHCND:US1COLR0004,METERS,-105.2765
831,1534.1,2002-06-01,2026-01-01,40.587251,"TIMNATH 4.1 NNE, CO US",0.9963,GHCND:US1COLR0036,METERS,-104.963004
832,1712.1,2003-01-01,2026-01-01,40.2934,"LYONS 4.8 N, CO US",0.8952,GHCND:US1COLR0050,METERS,-105.2692
833,1567.0,2003-10-01,2026-01-01,40.5538,"FORT COLLINS 2.8 WSW, CO US",0.9625,GHCND:US1COLR0075,METERS,-105.1289
834,1519.1,2004-05-01,2026-01-01,40.4407,"LOVELAND 3.0 NNE, CO US",0.8236,GHCND:US1COLR0104,METERS,-105.0619
835,1530.1,2004-02-01,2025-09-01,40.6079,"FORT COLLINS 3.9 NNE, CO US",0.8809,GHCND:US1COLR0112,METERS,-105.0422
836,1555.1,2018-11-01,2026-01-01,40.6516,"WEL 3.6 S, CO US",0.2873,GHCND:US1COLR0127,METERS,-104.9994
837,1627.0,1999-06-01,2026-01-01,40.738488,"WEL 4.8 NW, CO US",0.8717,GHCND:US1COLR0140,METERS,-105.083289
838,1603.9,2001-09-01,2026-01-01,40.7257,"WEL 1.8 NE, CO US",0.8463,GHCND:US1COLR0142,METERS,-104.9662
839,2361.9,2000-05-01,2023-10-01,40.3551,"ESTES PARK 1.8 SE, CO US",0.2872,GHCND:US1COLR0213,METERS,-105.4937
840,2467.1,2003-05-01,2026-01-01,40.3302,"ESTES PARK 3.3 SSW, CO US",0.9887,GHCND:US1COLR0247,METERS,-105.5221
841,1599.0,2000-05-01,2023-11-01,40.635,"BELLVUE 1 NW, CO US",0.9081,GHCND:US1COLR0252,METERS,-105.1817
842,1527.0,1998-06-01,2026-01-01,40.5759,"FCL, CO US",0.9848,GHCND:US1COLR0255,METERS,-105.0858
843,1560.0,1998-06-01,2026-01-01,40.5857,"FCL 2.5 W, CO US",0.9998,GHCND:US1COLR0259,METERS,-105.1317
844,1523.1,2005-11-01,2026-01-01,40.5562,"FCL 1.7 SE, CO US",0.7201,GHCND:US1COLR0270,METERS,-105.0643
845,1544.4,1998-08-01,2024-09-01,40.599849,"FCL 2.2 NW, CO US",0.9362,GHCND:US1COLR0273,METERS,-105.115094
846,1591.1,1998-08-01,2025-08-01,40.587602,"FCL 3.0 W, CO US",0.7938,GHCND:US1COLR0284,METERS,-105.147301
847,1506.0,1999-05-01,2026-01-01,40.537,"FORT COLLINS 2.4 ESE, CO US",0.2305,GHCND:US1COLR0290,METERS,-105.02966
848,1527.0,1999-06-01,2026-01-01,40.5541,"FCL 1.7 SE, CO US",0.5655,GHCND:US1COLR0295,METERS,-105.07
849,1526.1,1998-07-01,2026-01-01,40.616472,"FORT COLLINS 4.3 N, CO US",0.3866,GHCND:US1COLR0307,METERS,-105.054312
850,1547.2,1998-07-01,2026-01-01,40.5999,"FCL 2.3 NW, CO US",0.9152,GHCND:US1COLR0311,METERS,-105.1175
851,1524.0,1998-06-01,2026-01-01,40.5963,"FCL 1.5 N, CO US",0.8884,GHCND:US1COLR0316,METERS,-105.0908
852,1545.9,1998-07-01,2021-04-01,40.557,"FCL 1.7 SW, CO US",0.7445,GHCND:US1COLR0320,METERS,-105.1086
853,2414.9,2000-05-01,2026-01-01,40.86,"RED FEATHER 5.9 NE, CO US",0.7571,GHCND:US1COLR0329,METERS,-105.5087
854,1517.0,1999-01-01,2026-01-01,40.6068,"FCL 2.55 NE, CO US",0.9876,GHCND:US1COLR0340,METERS,-105.0634
855,1513.0,2001-06-01,2025-11-01,40.4968,"FCL 5.5 S, CO US",0.6258,GHCND:US1COLR0341,METERS,-105.0688
856,1662.1,1999-06-01,2026-01-01,40.5438,"FCL 4.7 SW, CO US",0.2687,GHCND:US1COLR0370,METERS,-105.1597
857,2788.9,2001-07-01,2025-09-01,40.5663,"RUSTIC 9.2 S, CO US",0.2337,GHCND:US1COLR0371,METERS,-105.5875
858,1545.9,1999-06-01,2022-06-01,40.5468,"FCL 2.1 S, CO US",0.7834,GHCND:US1COLR0372,METERS,-105.0944
859,1567.0,1999-08-01,2026-01-01,40.5407,"FCL 3.0 SW, CO US",0.9464,GHCND:US1COLR0391,METERS,-105.1187
860,1499.0,1999-08-01,2026-01-01,40.5653,"FCL 5.6 E, CO US",0.9684,GHCND:US1COLR0393,METERS,-104.9811
861,1521.9,2000-06-01,2025-09-01,40.5578,"FORT COLLINS 1.8 SE, CO US",0.4112,GHCND:US1COLR0402,METERS,-105.0597
862,1558.1,2001-06-01,2026-01-01,40.5968,"FORT COLLINS 2.9 NW, CO US",0.8985,GHCND:US1COLR0412,METERS,-105.1329
863,2062.9,2008-08-01,2025-09-01,40.7398,"LIVERMORE 3.8 S, CO US",0.2282,GHCND:US1COLR0433,METERS,-105.2118
864,1560.6,1998-07-01,2025-03-01,40.364332,"LOVELAND 5.0 SW, CO US",0.3769,GHCND:US1COLR0458,METERS,-105.13569
865,1567.0,2001-05-01,2025-11-01,40.3385,"LOV 5.0 S, CO US",0.5593,GHCND:US1COLR0464,METERS,-105.0895
866,1549.0,1999-08-01,2026-01-01,40.365669,"LOVELAND 4.0 SSW, CO US",0.4716,GHCND:US1COLR0472,METERS,-105.10033
867,1549.9,2000-04-01,2025-10-01,40.36464,"LOVELAND 4.0 SSW, CO US",0.8045,GHCND:US1COLR0500,METERS,-105.100619
868,1563.0,1999-08-01,2021-01-01,40.4262,"LOV 1.8 NW, CO US",0.8951,GHCND:US1COLR0501,METERS,-105.1162
869,1562.1,1999-05-01,2026-01-01,40.3926,"LOV 4.0 W, CO US",0.9966,GHCND:US1COLR0509,METERS,-105.1587
870,1631.9,1999-06-01,2026-01-01,40.6754,"BLV 4.0 NW, CO US",0.8998,GHCND:US1COLR0546,METERS,-105.215
871,1858.1,2004-10-01,2026-01-01,40.7643,"LA PORTE 10.0 NNW, CO US",0.8866,GHCND:US1COLR0567,METERS,-105.1988
872,1570.0,2005-03-01,2025-10-01,40.54981,"FORT COLLINS 3.5 SW, CO US",0.3386,GHCND:US1COLR0610,METERS,-105.131022
873,1724.9,2005-03-01,2026-01-01,40.518589,"FORT COLLINS 5.4 WSW, CO US",0.932,GHCND:US1COLR0623,METERS,-105.158975
874,1506.0,2005-03-01,2022-10-01,40.5321,"FORT COLLINS 4.8 SE, CO US",0.9432,GHCND:US1COLR0632,METERS,-105.0253
875,1534.1,2005-06-01,2025-08-01,40.6108,"FORT COLLINS 2.8 NE, CO US",0.9341,GHCND:US1COLR0636,METERS,-105.0412
876,1516.1,2005-06-01,2024-03-01,40.6051,"FORT COLLINS 3.4 N, CO US",0.7433,GHCND:US1COLR0653,METERS,-105.0638
877,1513.0,2005-08-01,2026-01-01,40.3922,"LOVELAND 2.0 SSE, CO US",0.9998,GHCND:US1COLR0662,METERS,-105.05393
878,1553.0,2005-10-01,2021-12-01,40.452433,"LOVELAND 2.4 NNW, CO US",0.4051,GHCND:US1COLR0667,METERS,-105.085555
879,2048.9,2005-11-01,2026-01-01,40.852106,"VIRGINIA DALE 7.2 SSW, CO US",0.9752,GHCND:US1COLR0672,METERS,-105.399793
880,1553.9,2006-04-01,2026-01-01,40.441995,"LOVELAND 2.4 NW, CO US",0.7855,GHCND:US1COLR0676,METERS,-105.106742
881,1520.0,2013-10-01,2026-01-01,40.425625,"LOVELAND 2.7 E, CO US",0.7498,GHCND:US1COLR0687,METERS,-105.021759
882,2032.1,2007-04-01,2026-01-01,40.279737,"LYONS 6.4 NW, CO US",0.5485,GHCND:US1COLR0735,METERS,-105.36362
883,1543.8,2007-04-01,2025-11-01,40.321726,"BERTHOUD 1.1 N, CO US",0.4374,GHCND:US1COLR0746,METERS,-105.077312
884,1970.5,2007-05-01,2022-05-01,40.3739712,"DRAKE 4.7 SSE, CO US",0.6076,GHCND:US1COLR0749,METERS,-105.2889132
885,1584.4,2007-08-01,2021-12-01,40.269574,"BERTHOUD 5.3 WSW, CO US",0.6819,GHCND:US1COLR0752,METERS,-105.169101
886,1494.1,2007-08-01,2026-01-01,40.495523,"FORT COLLINS 4.2 S, CO US",0.9997,GHCND:US1COLR0758,METERS,-105.05669
887,1567.9,2007-09-01,2026-01-01,40.634783,"LAPORTE 1.4 NW, CO US",0.846,GHCND:US1COLR0761,METERS,-105.148734
888,1548.1,2007-08-01,2022-10-01,40.62147,"FORT COLLINS 4.6 N, CO US",0.978,GHCND:US1COLR0762,METERS,-105.06372
889,1524.9,2021-06-01,2021-06-01,40.478959,"FORT COLLINS 5.3 S, CO US",1.0,GHCND:US1COLR0763,METERS,-105.073678
890,2420.1,2007-07-01,2026-01-01,40.346414,"ESTES PARK 1.8 S, CO US",0.9996,GHCND:US1COLR0767,METERS,-105.521653
891,1531.0,2007-10-01,2026-01-01,40.54603,"FORT COLLINS 0.7 SSW, CO US",0.6044,GHCND:US1COLR0769,METERS,-105.0731
892,1537.1,2008-06-01,2025-05-01,40.63743,"FORT COLLINS 5.4 N, CO US",0.9706,GHCND:US1COLR0797,METERS,-105.081731
893,1546.6,2008-09-01,2026-01-01,40.627302,"LAPORTE 0.3 WNW, CO US",0.3636,GHCND:US1COLR0806,METERS,-105.143731
894,2232.1,2008-08-01,2026-01-01,40.81871,"RED FEATHER LAKES 3.8 ENE, CO US",0.9665,GHCND:US1COLR0815,METERS,-105.511848
895,1508.5,2009-09-01,2026-01-01,40.4721,"WINDSOR 3.8 WSW, CO US",0.8628,GHCND:US1COLR0845,METERS,-104.9772
896,1520.6,2009-10-01,2026-01-01,40.569,"FORT COLLINS 0.9 N, CO US",0.9437,GHCND:US1COLR0849,METERS,-105.07
897,1551.7,2009-08-01,2026-01-01,40.442364,"LOVELAND 2.3 NW, CO US",0.9291,GHCND:US1COLR0854,METERS,-105.102981
898,1522.8,2010-03-01,2026-01-01,40.5633,"FORT COLLINS 1.1 WNW, CO US",0.9734,GHCND:US1COLR0863,METERS,-105.0872
899,2165.0,2010-01-01,2025-10-01,40.466588,"GLEN HAVEN 1.2 N, CO US",0.5684,GHCND:US1COLR0868,METERS,-105.427509
900,1509.4,2010-09-01,2026-01-01,40.502249,"FORT COLLINS 3.7 S, CO US",0.8701,GHCND:US1COLR0885,METERS,-105.068025
901,2303.4,2011-08-01,2026-01-01,40.720613,"LIVERMORE 9.9 WSW, CO US",0.8618,GHCND:US1COLR0897,METERS,-105.414993
902,1516.7,2011-10-01,2026-01-01,40.4181529,"LOVELAND 1.2 E, CO US",0.4068,GHCND:US1COLR0913,METERS,-105.049397
903,1619.7,2012-04-01,2026-01-01,40.72275,"WELLINGTON 3.7 WNW, CO US",0.9877,GHCND:US1COLR0918,METERS,-105.06796
904,1579.2,2012-01-01,2026-01-01,40.2843,"BERTHOUD 4.4 WSW, CO US",0.9998,GHCND:US1COLR0922,METERS,-105.1608
905,1505.1,2015-02-01,2025-10-01,40.55035,"FORT COLLINS 1.9 E, CO US",0.2946,GHCND:US1COLR0925,METERS,-105.03281
906,2036.4,2012-09-01,2026-01-01,40.8621,"LIVERMORE 10.5 NW, CO US",0.2795,GHCND:US1COLR0945,METERS,-105.3669
907,1591.1,2012-09-01,2026-01-01,40.70792,"WELLINGTON 0.4 NW, CO US",0.8881,GHCND:US1COLR0952,METERS,-105.00721
908,2329.3,2013-08-01,2025-09-01,40.349148,"ESTES PARK 1.8 SSE, CO US",0.7534,GHCND:US1COLR0987,METERS,-105.503561
909,1557.8,2014-08-01,2025-04-01,40.5559349060059,"FORT COLLINS 2.7 W, CO US",0.3024,GHCND:US1COLR0993,METERS,-105.120719909668
910,2121.4,2013-08-01,2026-01-01,40.6158790588379,"BELLVUE 5.0 W, CO US",0.4932,GHCND:US1COLR1002,METERS,-105.263702392578
911,1502.7,2013-08-01,2026-01-01,40.565566,"FORT COLLINS 1.3 ENE, CO US",0.6931,GHCND:US1COLR1004,METERS,-105.047861
912,1583.4,2013-10-01,2026-01-01,40.6961135864258,"WELLINGTON 0.8 SW, CO US",0.9052,GHCND:US1COLR1008,METERS,-105.014015197754
913,1559.7,2013-11-01,2026-01-01,40.5607261657715,"FORT COLLINS 2.8 W, CO US",0.7414,GHCND:US1COLR1009,METERS,-105.122062683105
914,1526.4,2014-06-01,2026-01-01,40.399022,"LOVELAND 1.7 SW, CO US",0.7497,GHCND:US1COLR1013,METERS,-105.090865
915,1475.2,2014-09-01,2026-01-01,40.505001,"TIMNATH 2.1 SE, CO US",0.4889,GHCND:US1COLR1016,METERS,-104.957846
916,1546.3,2014-01-01,2025-08-01,40.6259498596191,"FORT COLLINS 4.9 N, CO US",0.9572,GHCND:US1COLR1020,METERS,-105.062149047852
917,2117.4,2014-06-01,2026-01-01,40.4068880528212,"DRAKE 4.3 WSW, CO US",0.7711,GHCND:US1COLR1026,METERS,-105.406297445297
918,1558.1,2014-07-01,2026-01-01,40.6140060424805,"FORT COLLINS 5.6 NW, CO US",0.9995,GHCND:US1COLR1038,METERS,-105.142395019531
919,2484.1,2019-04-01,2025-04-01,40.4263,"ESTES PARK 3.9 NNE, CO US",0.9863,GHCND:US1COLR1041,METERS,-105.4995
920,1671.2,2023-01-01,2025-12-01,40.600777,"BELLVUE 2.1 S, CO US",0.8887,GHCND:US1COLR1043,METERS,-105.177237
921,1558.7,2015-07-01,2024-09-01,40.394672,"LOVELAND 3.8 WSW, CO US",0.3152,GHCND:US1COLR1047,METERS,-105.137276
922,1524.6,2014-10-01,2023-03-01,40.551022,"FORT COLLINS 0.3 SSE, CO US",0.9708,GHCND:US1COLR1049,METERS,-105.066383
923,1520.6,2015-02-01,2025-12-01,40.543674,"FORT COLLINS 1.0 SE, CO US",0.8856,GHCND:US1COLR1056,METERS,-105.056411
924,1513.0,2016-04-01,2022-08-01,40.462621,"WINDSOR 2.6 SW, CO US",0.6882,GHCND:US1COLR1059,METERS,-104.945058
925,1501.4,2024-05-01,2024-11-01,40.5022926330566,"FORT COLLINS 3.7 S, CO US",0.7112,GHCND:US1COLR1064,METERS,-105.060859680176
926,2088.8,2015-06-01,2026-01-01,40.946129,"VIRGINIA DALE 0.9 WSW, CO US",0.4295,GHCND:US1COLR1065,METERS,-105.365721
927,2324.1,2015-10-01,2022-07-01,40.27013,"LYONS 8.9 WNW, CO US",0.2561,GHCND:US1COLR1072,METERS,-105.42506
928,1577.6,2016-05-01,2022-06-01,40.345192,"LOVELAND 5.3 SSW, CO US",0.7434,GHCND:US1COLR1091,METERS,-105.100409
929,1572.5,2016-06-01,2026-01-01,40.427677154541,"LOVELAND 2.8 WNW, CO US",0.9996,GHCND:US1COLR1109,METERS,-105.124092102051
930,1508.8,2016-12-01,2025-03-01,40.4549102783203,"WINDSOR 2.9 SW, CO US",0.7802,GHCND:US1COLR1110,METERS,-104.945846557617
931,2425.6,2016-10-01,2025-11-01,40.370473,"ESTES PARK 1.7 W, CO US",0.8091,GHCND:US1COLR1115,METERS,-105.55314
932,1586.5,2017-08-01,2026-01-01,40.678139,"FORT COLLINS 8.6 N, CO US",0.7448,GHCND:US1COLR1116,METERS,-105.046556
933,1558.1,2017-02-01,2025-11-01,40.518211,"FORT COLLINS 3.1 SW, CO US",0.3209,GHCND:US1COLR1118,METERS,-105.102653
934,1553.9,2017-06-01,2023-09-01,40.453769,"LOVELAND 2.5 NNW, CO US",0.1448,GHCND:US1COLR1120,METERS,-105.085553
935,1511.5,2017-05-01,2025-05-01,40.41276,"LOVELAND 3.2 E, CO US",0.5772,GHCND:US1COLR1125,METERS,-105.01187
936,1710.2,2017-05-01,2022-08-01,40.59442,"BELLVUE 2.6 SSW, CO US",0.734,GHCND:US1COLR1127,METERS,-105.18803
937,2351.2,2017-06-01,2026-01-01,40.384521,"ESTES PARK 1.7 WNW, CO US",0.9995,GHCND:US1COLR1133,METERS,-105.548272
938,1572.2,2017-08-01,2026-01-01,40.34611,"BERTHOUD 3.0 NNW, CO US",0.588,GHCND:US1COLR1136,METERS,-105.0997
939,1515.8,2017-08-01,2023-12-01,40.56921,"FORT COLLINS 1.2 NNE, CO US",0.9869,GHCND:US1COLR1137,METERS,-105.05597
940,1552.0,2017-09-01,2026-01-01,40.543694,"FORT COLLINS 1.8 WSW, CO US",0.8909,GHCND:US1COLR1139,METERS,-105.098436
941,1578.3,2018-05-01,2026-01-01,40.695029,"WELLINGTON 0.6 SSE, CO US",0.6231,GHCND:US1COLR1146,METERS,-104.995291
942,1537.7,2018-05-01,2026-01-01,40.58668,"FORT COLLINS 2.8 NW, CO US",0.7413,GHCND:US1COLR1154,METERS,-105.10275
943,1581.9,2018-06-01,2026-01-01,40.6694854,"FORT COLLINS 7.9 N, CO US",0.2824,GHCND:US1COLR1156,METERS,-105.0645651
944,1502.1,2018-08-01,2024-08-01,40.468799,"FORT COLLINS 8.1 SE, CO US",0.4108,GHCND:US1COLR1167,METERS,-104.964294
945,2409.1,2018-08-01,2024-10-01,40.67545,"RUSTIC 11.2 W, CO US",0.2399,GHCND:US1COLR1168,METERS,-105.78131
946,1538.6,2018-08-01,2022-05-01,40.36561,"LOVELAND 3.7 S, CO US",0.1087,GHCND:US1COLR1171,METERS,-105.07473
947,1526.4,2018-09-01,2026-01-01,40.4368,"WINDSOR 4.2 SW, CO US",0.8536,GHCND:US1COLR1176,METERS,-104.95441
948,1559.1,2019-05-01,2025-07-01,40.53308,"FORT COLLINS 2.3 SW, CO US",0.2265,GHCND:US1COLR1179,METERS,-105.1015
949,1538.0,2024-06-01,2024-08-01,40.5698204,"FORT COLLINS 1.8 WNW, CO US",0.9925,GHCND:US1COLR1180,METERS,-105.0977314
950,1545.9,2023-07-01,2025-09-01,40.562887,"FORT COLLINS 2.2 WNW, CO US",0.5178,GHCND:US1COLR1182,METERS,-105.108605
951,1512.1,2019-03-01,2026-01-01,40.540412,"FORT COLLINS 1.6 SE, CO US",0.9628,GHCND:US1COLR1186,METERS,-105.045014
952,1557.8,2019-03-01,2025-12-01,40.61652,"FORT COLLINS 5.8 NW, CO US",0.9382,GHCND:US1COLR1187,METERS,-105.14478
953,1505.7,2019-03-01,2023-04-01,40.55746,"FORT COLLINS 1.7 E, CO US",0.8599,GHCND:US1COLR1188,METERS,-105.03682
954,1541.7,2019-05-01,2025-12-01,40.580632,"FORT COLLINS 2.5 NW, CO US",0.8743,GHCND:US1COLR1196,METERS,-105.103353
955,1566.4,2019-07-01,2026-01-01,40.340726,"BERTHOUD 2.5 N, CO US",0.8346,GHCND:US1COLR1200,METERS,-105.089039
956,1558.7,2019-07-01,2021-05-01,40.52708,"FORT COLLINS 2.6 SW, CO US",0.6079,GHCND:US1COLR1202,METERS,-105.10167
957,1553.0,2019-08-01,2023-10-01,40.534146,"FORT COLLINS 2.4 SW, CO US",0.196,GHCND:US1COLR1203,METERS,-105.103364
958,1548.1,2020-03-01,2026-01-01,40.53499,"FORT COLLINS 1.8 SW, CO US",0.3237,GHCND:US1COLR1212,METERS,-105.08975
959,1475.8,2020-08-01,2021-01-01,40.50775,"TIMNATH 1.8 SSE, CO US",0.9925,GHCND:US1COLR1213,METERS,-104.96524
960,1826.4,2022-10-01,2024-06-01,40.81034,"LIVERMORE 4.2 N, CO US",0.3811,GHCND:US1COLR1216,METERS,-105.21584
961,1559.4,2020-04-01,2022-08-01,40.63571,"LAPORTE 1.9 NW, CO US",0.4481,GHCND:US1COLR1217,METERS,-105.15986
962,1520.0,2020-07-01,2025-09-01,40.277813,"BERTHOUD 2.0 SSW, CO US",0.8728,GHCND:US1COLR1222,METERS,-105.0922
963,1562.1,2020-06-01,2025-10-01,40.5385,"FORT COLLINS 2.5 WSW, CO US",0.8613,GHCND:US1COLR1228,METERS,-105.1112
964,1562.4,2020-06-01,2026-01-01,40.29009,"BERTHOUD 3.2 WSW, CO US",0.9406,GHCND:US1COLR1231,METERS,-105.13749
965,1519.4,2020-08-01,2021-10-01,40.55750283,"FORT COLLINS 0.7 ENE, CO US",0.8658,GHCND:US1COLR1233,METERS,-105.05611733
966,1517.3,2020-06-01,2026-01-01,40.544525,"FORT COLLINS 1.2 SE, CO US",0.9847,GHCND:US1COLR1234,METERS,-105.051424
967,1534.7,2020-07-01,2021-10-01,40.368294,"CAMPION 1.8 NNE, CO US",0.998,GHCND:US1COLR1235,METERS,-105.081234
968,1505.1,2020-08-01,2025-09-01,40.474665,"WINDSOR 3.7 WSW, CO US",0.7097,GHCND:US1COLR1236,METERS,-104.975413
969,1544.4,2020-09-01,2021-12-01,40.48933,"FORT COLLINS 4.6 S, CO US",0.5,GHCND:US1COLR1237,METERS,-105.0803
970,1565.5,2023-08-01,2026-01-01,40.6477,"FORT COLLINS 6.5 NNW, CO US",0.9314,GHCND:US1COLR1238,METERS,-105.0942
971,1564.5,2020-08-01,2022-11-01,40.3383,"BERTHOUD 2.3 N, CO US",0.8574,GHCND:US1COLR1239,METERS,-105.0878
972,2044.9,2020-09-01,2023-07-01,40.387048,"LOVELAND 12.7 W, CO US",0.7724,GHCND:US1COLR1240,METERS,-105.30894
973,1548.1,2020-08-01,2022-09-01,40.599873,"LAPORTE 1.5 SSE, CO US",0.885,GHCND:US1COLR1242,METERS,-105.118172
974,1501.1,2021-09-01,2026-01-01,40.542282,"FORT COLLINS 2.4 ESE, CO US",0.9618,GHCND:US1COLR1244,METERS,-105.025734
975,1732.5,2021-05-01,2025-12-01,40.6861,"BELLVUE 8.1 WNW, CO US",0.9634,GHCND:US1COLR1245,METERS,-105.3047
976,1558.1,2020-12-01,2026-01-01,40.526694,"FORT COLLINS 3.4 SW, CO US",0.8061,GHCND:US1COLR1246,METERS,-105.12182
977,1528.3,2021-02-01,2025-09-01,40.522749,"FORT COLLINS 2.3 S, CO US",0.4468,GHCND:US1COLR1247,METERS,-105.06793
978,2283.6,2021-01-01,2023-06-01,40.7561,"LIVERMORE 10.2 W, CO US",0.735,GHCND:US1COLR1249,METERS,-105.4256
979,1560.0,2021-06-01,2024-06-01,40.602602,"FORT COLLINS 4.7 NW, CO US",0.4325,GHCND:US1COLR1250,METERS,-105.132986
980,1540.2,2021-03-01,2023-04-01,40.380079,"LOVELAND 3.8 SW, CO US",1.0,GHCND:US1COLR1252,METERS,-105.124237
981,1655.4,2021-05-01,2025-11-01,40.48055,"LOVELAND 8.0 WNW, CO US",0.5997,GHCND:US1COLR1253,METERS,-105.19995
982,2432.0,2021-06-01,2023-10-01,40.4747247,"DRAKE 3.2 NNW, CO US",0.3447,GHCND:US1COLR1257,METERS,-105.3423977
983,1548.1,2021-05-01,2026-01-01,40.566848,"FORT COLLINS 1.9 SW, CO US",0.8411,GHCND:US1COLR1262,METERS,-105.111088
984,2210.7,2021-08-01,2021-08-01,40.696568,"RUSTIC 1.6 W, CO US",0.9819,GHCND:US1COLR1264,METERS,-105.601022
985,2124.5,2021-10-01,2023-08-01,40.4617435,"GLEN HAVEN 1.0 NE, CO US",0.1739,GHCND:US1COLR1267,METERS,-105.4192078
986,2285.4,2021-05-01,2022-12-01,40.473333,"GLEN HAVEN 1.8 NNW, CO US",0.9481,GHCND:US1COLR1268,METERS,-105.44332
987,2391.8,2021-06-01,2026-01-01,40.3563,"ESTES PARK 1.7 SW, CO US",0.8564,GHCND:US1COLR1272,METERS,-105.546462
988,1544.7,2021-06-01,2023-08-01,40.591593,"FORT COLLINS 3.8 NW, CO US",0.2592,GHCND:US1COLR1273,METERS,-105.12241
989,1511.5,2021-06-01,2026-01-01,40.488238,"FORT COLLINS 4.7 S, CO US",0.9991,GHCND:US1COLR1276,METERS,-105.055193
990,1543.5,2023-08-01,2024-08-01,40.540827,"FORT COLLINS 1.5 SW, CO US",0.46,GHCND:US1COLR1279,METERS,-105.089501
991,1550.2,2021-11-01,2021-12-01,40.531918,"FORT COLLINS 2.1 SW, CO US",0.998,GHCND:US1COLR1280,METERS,-105.09318
992,1553.6,2022-01-01,2022-12-01,40.4154483,"LOVELAND 2.5 W, CO US",0.5837,GHCND:US1COLR1281,METERS,-105.1183352
993,1520.6,2022-06-01,2024-05-01,40.2999,"BERTHOUD 1.1 ESE, CO US",0.2915,GHCND:US1COLR1283,METERS,-105.0624
994,1550.8,2022-06-01,2025-12-01,40.4463116,"LOVELAND 2.4 NW, CO US",0.697,GHCND:US1COLR1290,METERS,-105.1003607
995,1523.4,2023-05-01,2023-05-01,40.5445,"FORT COLLINS 0.8 SSE, CO US",0.9819,GHCND:US1COLR1292,METERS,-105.0639
996,1530.7,2025-06-01,2025-09-01,40.419892,"LOVELAND 0.5 W, CO US",0.7485,GHCND:US1COLR1293,METERS,-105.08074
997,1533.1,2023-07-01,2023-07-01,40.594473,"FORT COLLINS 3.2 NW, CO US",0.9819,GHCND:US1COLR1294,METERS,-105.10235
998,1533.1,2022-06-01,2026-01-01,40.274167,"BERTHOUD 2.4 SSW, CO US",0.976,GHCND:US1COLR1295,METERS,-105.101389
999,1540.8,2022-08-01,2024-08-01,40.619767,"FORT COLLINS 4.7 NNE, CO US",0.9187,GHCND:US1COLR1298,METERS,-105.038252
1000,1508.2,2024-02-01,2025-05-01,40.5155279,"FORT COLLINS 3.2 SSE, CO US",0.7515,GHCND:US1COLR1299,METERS,-105.0366681
1001,1557.5,2022-09-01,2025-11-01,40.56813,"FORT COLLINS 3.0 WNW, CO US",0.7436,GHCND:US1COLR1302,METERS,-105.12283
1002,,2022-08-01,2025-10-01,40.510567,"FORT COLLINS 3.1 S, CO US",0.8455,GHCND:US1COLR1304,,-105.059309
1003,1542.0,2022-09-01,2023-11-01,40.635372,"FORT COLLINS 5.5 N, CO US",1.0,GHCND:US1COLR1306,METERS,-105.074488
1004,2318.9,2022-09-01,2026-01-01,40.2705,"LYONS 8.9 WNW, CO US",0.9991,GHCND:US1COLR1307,METERS,-105.426
1005,2065.3,2022-10-01,2026-01-01,40.270936,"LYONS 5.9 NW, CO US",0.7491,GHCND:US1COLR1309,METERS,-105.361306
1006,1530.7,2023-06-01,2024-05-01,40.548896,"FORT COLLINS 0.5 SSW, CO US",0.3327,GHCND:US1COLR1310,METERS,-105.069946
1007,1543.8,2022-10-01,2023-10-01,40.382943,"LOVELAND 4.0 SW, CO US",0.9992,GHCND:US1COLR1311,METERS,-105.130876
1008,1524.9,2023-02-01,2026-01-01,40.5944667,"FORT COLLINS 2.8 NNW, CO US",0.9998,GHCND:US1COLR1316,METERS,-105.0858093
1009,2284.8,2023-03-01,2026-01-01,40.75375,"LIVERMORE 11.1 W, CO US",0.9975,GHCND:US1COLR1317,METERS,-105.44183
1010,1499.9,2023-03-01,2023-08-01,40.543307,"FORT COLLINS 2.4 ESE, CO US",0.4963,GHCND:US1COLR1319,METERS,-105.025832
1011,1563.0,2023-09-01,2026-01-01,40.637652,"FORT COLLINS 5.7 N, CO US",0.8264,GHCND:US1COLR1321,METERS,-105.056595
1012,2032.7,2023-06-01,2026-01-01,40.37369,"LOVELAND 12.4 WSW, CO US",0.5613,GHCND:US1COLR1322,METERS,-105.30067
1013,1508.5,2023-05-01,2026-01-01,40.539764835012,"FORT COLLINS 2.1 ESE, CO US",0.7556,GHCND:US1COLR1327,METERS,-105.03349617686
1014,1514.2,2023-05-01,2026-01-01,40.5743006,"TIMNATH 3.1 N, CO US",0.9975,GHCND:US1COLR1328,METERS,-104.9812394
1015,1503.6,2023-06-01,2024-09-01,40.5049648938451,"FORT COLLINS 4.1 SSE, CO US",0.5613,GHCND:US1COLR1331,METERS,-105.027796362618
1016,1503.0,2023-07-01,2025-08-01,40.53172,"FORT COLLINS 2.7 SE, CO US",0.4606,GHCND:US1COLR1336,METERS,-105.02665
1017,2342.1,2023-09-01,2025-11-01,40.973295,"VIRGINIA DALE 4.7 WNW, CO US",0.0741,GHCND:US1COLR1341,METERS,-105.434485
1018,1512.1,2023-08-01,2025-08-01,40.57533,"TIMNATH 3.2 N, CO US",0.1997,GHCND:US1COLR1342,METERS,-104.97789
1019,1560.6,2023-08-01,2026-01-01,40.549202,"FORT COLLINS 3.1 W, CO US",0.998,GHCND:US1COLR1345,METERS,-105.127749
1020,1515.5,2023-08-01,2026-01-01,40.5903,"FORT COLLINS 2.4 N, CO US",0.8316,GHCND:US1COLR1346,METERS,-105.0736
1021,1600.8,2023-08-01,2026-01-01,40.63,"BELLVUE 0.7 W, CO US",0.8982,GHCND:US1COLR1347,METERS,-105.1834
1022,1630.7,2023-08-01,2025-10-01,40.39491,"LOVELAND 6.2 WSW, CO US",0.074,GHCND:US1COLR1349,METERS,-105.1863
1023,1571.2,2023-09-01,2026-01-01,40.5371,"FORT COLLINS 3.0 WSW, CO US",0.3443,GHCND:US1COLR1351,METERS,-105.12072
1024,1570.6,2023-09-01,2026-01-01,40.5274503,"FORT COLLINS 3.0 SW, CO US",0.9985,GHCND:US1COLR1352,METERS,-105.111293
1025,1518.5,2023-10-01,2023-11-01,40.5460627,"FORT COLLINS 0.9 SE, CO US",0.998,GHCND:US1COLR1354,METERS,-105.0562356
1026,1530.7,2023-09-01,2025-12-01,40.4941254657796,"FORT COLLINS 4.3 S, CO US",0.678,GHCND:US1COLR1356,METERS,-105.0753554005
1027,1532.2,2023-11-01,2025-06-01,40.632517,"FORT COLLINS 5.3 N, CO US",0.851,GHCND:US1COLR1362,METERS,-105.073823
1028,1574.3,2024-02-01,2026-01-01,40.3488,"LOVELAND 6.5 SW, CO US",0.9993,GHCND:US1COLR1363,METERS,-105.1551
1029,1575.2,2024-04-01,2026-01-01,40.41516,"LOVELAND 3.3 W, CO US",0.8619,GHCND:US1COLR1365,METERS,-105.13514
1030,1565.1,2024-05-01,2024-05-01,40.32849,"BERTHOUD 1.8 NNW, CO US",0.9819,GHCND:US1COLR1367,METERS,-105.0968
1031,1542.0,2024-05-01,2024-12-01,40.42738,"LOVELAND 1.6 WNW, CO US",0.9939,GHCND:US1COLR1368,METERS,-105.09885
1032,2464.9,2024-06-01,2026-01-01,40.9264,"LIVERMORE 20.3 NW, CO US",0.998,GHCND:US1COLR1369,METERS,-105.5414
1033,1574.9,2024-07-01,2026-01-01,40.68865,"WELLINGTON 1.0 SSE, CO US",0.9446,GHCND:US1COLR1370,METERS,-104.997889
1034,1567.6,2024-07-01,2026-01-01,40.554168,"FORT COLLINS 3.3 W, CO US",0.7872,GHCND:US1COLR1371,METERS,-105.130583
1035,1520.3,2024-08-01,2026-01-01,40.569475,"FORT COLLINS 1.0 N, CO US",0.9425,GHCND:US1COLR1372,METERS,-105.070892
1036,1515.2,2024-08-01,2026-01-01,40.5624,"FORT COLLINS 0.9 ENE, CO US",0.998,GHCND:US1COLR1373,METERS,-105.0538
1037,1448.1,2003-04-01,2023-11-01,39.177895,"GRAND JUNCTION 8 NNW, CO US",0.8749,GHCND:US1COME0003,METERS,-108.61869
1038,1408.2,2004-06-01,2026-01-01,39.263019,"MACK 5 NW, CO US",0.9652,GHCND:US1COME0024,METERS,-108.931904
1039,1841.9,2005-06-01,2025-09-01,39.2396,"COLLBRAN 0.2 ESE, CO US",0.5901,GHCND:US1COME0053,METERS,-107.9575
1040,1509.1,2007-10-01,2026-01-01,39.039297,"GRAND JUNCTION 5.5 SW, CO US",0.5499,GHCND:US1COME0064,METERS,-108.634939
1041,1411.2,2012-01-01,2026-01-01,39.088668,"GRAND JUNCTION 4.0 W, CO US",0.9288,GHCND:US1COME0069,METERS,-108.628179
1042,1422.5,2011-12-01,2025-05-01,39.075223,"GRAND JUNCTION 3.9 WSW, CO US",0.9506,GHCND:US1COME0079,METERS,-108.623557
1043,2403.0,2012-07-01,2022-10-01,38.7917,"WHITEWATER 16.8 SW, CO US",0.1048,GHCND:US1COME0083,METERS,-108.6281
1044,1425.5,2013-04-01,2025-12-01,39.04001149,"GRAND JUNCTION 3.7 SSE, CO US",0.7645,GHCND:US1COME0100,METERS,-108.52098632
1045,1567.3,2013-08-01,2026-01-01,39.132528,"PALISADE 3.3 ENE, CO US",0.9464,GHCND:US1COME0106,METERS,-108.306194
1046,1486.2,2015-02-01,2022-03-01,39.0516395568848,"GRAND JUNCTION 4.3 SW, CO US",0.6516,GHCND:US1COME0112,METERS,-108.617561340332
1047,1378.0,2014-09-01,2026-01-01,39.2011175,"LOMA 0.9 E, CO US",0.6787,GHCND:US1COME0117,METERS,-108.802658
1048,1453.6,2019-10-01,2026-01-01,39.102116,"GRAND JUNCTION 4.1 ENE, CO US",0.7889,GHCND:US1COME0118,METERS,-108.478981
1049,1426.5,2015-08-01,2023-10-01,39.087994,"GRAND JUNCTION 2.3 E, CO US",0.9897,GHCND:US1COME0125,METERS,-108.509153
1050,2140.9,2016-03-01,2022-02-01,39.179549,"COLLBRAN 4.6 SSE, CO US",0.5974,GHCND:US1COME0133,METERS,-107.920951
1051,2111.3,2016-05-01,2025-09-01,39.016593,"GLADE PARK 1.4 NW, CO US",0.3008,GHCND:US1COME0135,METERS,-108.745887
1052,1708.7,2016-09-01,2026-01-01,39.24082,"DE BEQUE 7.1 SSE, CO US",0.7344,GHCND:US1COME0136,METERS,-108.1538
1053,1418.2,2016-06-01,2026-01-01,39.080928,"GRAND JUNCTION 3.6 W, CO US",0.9996,GHCND:US1COME0137,METERS,-108.61919
1054,1376.8,2016-09-01,2024-09-01,39.1702,"FRUITA 1.1 NNW, CO US",0.8867,GHCND:US1COME0140,METERS,-108.7378
1055,1453.6,2016-11-01,2026-01-01,39.103533,"GRAND JUNCTION 8.0 W, CO US",0.8197,GHCND:US1COME0143,METERS,-108.7002
1056,1408.8,2017-06-01,2026-01-01,39.088643,"GRAND JUNCTION 0.9 W, CO US",0.8938,GHCND:US1COME0146,METERS,-108.569228
1057,1409.1,2017-11-01,2026-01-01,39.071645,"GRAND JUNCTION 3.0 ESE, CO US",0.7675,GHCND:US1COME0148,METERS,-108.501013
1058,1417.9,2018-08-01,2023-06-01,39.0757,"CLIFTON 1.2 E, CO US",0.9665,GHCND:US1COME0153,METERS,-108.4417
1059,1403.6,2018-09-01,2026-01-01,39.06954,"GRAND JUNCTION 1.3 SSW, CO US",0.9884,GHCND:US1COME0154,METERS,-108.55841
1060,1437.7,2018-09-01,2026-01-01,39.104971,"PALISADE 0.5 WSW, CO US",0.921,GHCND:US1COME0155,METERS,-108.366818
1061,1410.6,2018-11-01,2026-01-01,39.08546,"GRAND JUNCTION 1.3 W, CO US",0.8043,GHCND:US1COME0160,METERS,-108.57711
1062,1449.0,2019-01-01,2025-12-01,39.065548,"REDLANDS 1.4 SSE, CO US",0.5476,GHCND:US1COME0162,METERS,-108.643501
1063,1442.6,2019-02-01,2026-01-01,39.0928,"GRAND JUNCTION 4.4 E, CO US",0.9999,GHCND:US1COME0163,METERS,-108.4704
1064,1442.3,2020-03-01,2026-01-01,39.108223,"PALISADE 0.2 ENE, CO US",0.985,GHCND:US1COME0170,METERS,-108.355
1065,1375.6,2020-04-01,2022-09-01,39.16876,"FRUITA 1.1 NW, CO US",1.0,GHCND:US1COME0172,METERS,-108.74113
1066,1398.7,2020-05-01,2022-03-01,39.1,"GRAND JUNCTION 2.2 WNW, CO US",0.5218,GHCND:US1COME0173,METERS,-108.5914
1067,1384.4,2020-07-01,2021-04-01,39.162951,"FRUITA 0.7 NE, CO US",1.0,GHCND:US1COME0175,METERS,-108.716557
1068,1423.4,2020-07-01,2021-10-01,39.037198,"ORCHARD MESA 0.3 NNW, CO US",0.998,GHCND:US1COME0176,METERS,-108.524125
1069,1373.4,2020-11-01,2024-05-01,39.136971,"FRUITA 1.5 SSE, CO US",0.9541,GHCND:US1COME0178,METERS,-108.714294
1070,1380.7,2020-12-01,2021-02-01,39.20381,"LOMA 0.9 ENE, CO US",0.6764,GHCND:US1COME0179,METERS,-108.80447
1071,1467.0,2021-11-01,2025-09-01,39.089128,"GRAND JUNCTION 7.2 W, CO US",0.3831,GHCND:US1COME0180,METERS,-108.68685
1072,1398.7,2023-02-01,2024-04-01,39.090679,"GRAND JUNCTION 1.4 W, CO US",0.1338,GHCND:US1COME0183,METERS,-108.579313
1073,1666.6,2022-06-01,2025-07-01,38.956395,"WHITEWATER 5.7 ESE, CO US",0.8418,GHCND:US1COME0184,METERS,-108.327985
1074,1428.6,2009-07-01,2025-09-01,39.04045,"GRAND JUNCTION 3.7 SSE, CO US",0.4153,GHCND:US1COME0185,METERS,-108.519004
1075,1385.0,2022-11-01,2023-01-01,39.162437,"FRUITA 0.8 ENE, CO US",0.9925,GHCND:US1COME0187,METERS,-108.71504
1076,1377.4,2023-05-01,2025-04-01,39.153167,"FRUITA 0.4 SE, CO US",0.7911,GHCND:US1COME0188,METERS,-108.721867
1077,1426.8,2024-06-01,2026-01-01,39.0397,"GRAND JUNCTION 4.0 SE, CO US",0.8483,GHCND:US1COME0192,METERS,-108.5114
1078,1384.7,2024-09-01,2026-01-01,39.128333,"GRAND JUNCTION 6.0 WNW, CO US",0.8226,GHCND:US1COME0193,METERS,-108.651
1079,1888.2,2009-10-01,2025-08-01,40.513435042,"CRAIG 1.2 ESE, CO US",0.2303,GHCND:US1COMF0021,METERS,-107.53169125
1080,2033.6,2014-11-01,2021-06-01,40.54261,"CRAIG 4.9 WNW, CO US",0.3251,GHCND:US1COMF0026,METERS,-107.64048
1081,1789.8,2014-11-01,2026-01-01,40.238877,"DINOSAUR 0.3 SW, CO US",0.8072,GHCND:US1COMF0028,METERS,-109.012032
1082,1920.2,2024-02-01,2025-11-01,40.3036,"DINOSAUR 19.0 ENE, CO US",0.5005,GHCND:US1COMF0037,METERS,-108.6578
1083,2703.9,2005-10-01,2022-10-01,37.398,"PAGOSA SPRINGS 9.1 NNW, CO US",0.2439,GHCND:US1COMN0001,METERS,-107.059
1084,2718.8,2008-05-01,2022-04-01,37.8493,"CREEDE 0.2 WSW, CO US",0.9168,GHCND:US1COMN0004,METERS,-106.92905
1085,2681.6,2022-10-01,2025-10-01,37.8063345,"CREEDE 3.3 SSW, CO US",0.6212,GHCND:US1COMN0007,METERS,-106.9502772
1086,1296.9,2001-05-01,2025-02-01,40.2469,"BRUSH 0.8 S, CO US",0.8671,GHCND:US1COMR0001,METERS,-103.624
1087,1296.9,2013-06-01,2022-03-01,40.2567,"BRUSH 1.3 W, CO US",0.4151,GHCND:US1COMR0002,METERS,-103.6494
1088,1285.0,2006-10-01,2026-01-01,40.29305,"HILLROSE 2.5 SSW, CO US",0.9955,GHCND:US1COMR0081,METERS,-103.54646
1089,1311.9,2007-05-01,2026-01-01,40.15391,"BRUSH 7.3 SSE, CO US",0.973,GHCND:US1COMR0083,METERS,-103.602386
1090,1293.9,2007-10-01,2026-01-01,40.256506,"BRUSH 0.3 E, CO US",0.9588,GHCND:US1COMR0084,METERS,-103.627294
1091,1325.6,2016-05-01,2025-10-01,40.18968333,"FORT MORGAN 5.2 S, CO US",0.5525,GHCND:US1COMR0092,METERS,-103.7916833
1092,1389.6,2020-09-01,2026-01-01,40.214905,"WIGGINS 1.1 S, CO US",0.3845,GHCND:US1COMR0111,METERS,-104.075891
1093,1324.7,2020-11-01,2026-01-01,40.238231,"FORT MORGAN 2.1 SSW, CO US",0.9998,GHCND:US1COMR0112,METERS,-103.813533
1094,1346.9,2023-06-01,2023-07-01,40.3016408,"FORT MORGAN 2.6 N, CO US",0.998,GHCND:US1COMR0117,METERS,-103.8038309
1095,1770.3,2004-08-01,2023-08-01,38.4912,"MONTROSE 3.9 WNW, CO US",0.8952,GHCND:US1COMT0006,METERS,-107.9469
1096,1746.2,2004-12-01,2026-01-01,38.5253,"MONTROSE 4.0 NW, CO US",0.8346,GHCND:US1COMT0009,METERS,-107.9217
1097,1794.4,2005-11-01,2025-07-01,38.470869,"MONTROSE 1.2 WSW, CO US",0.9832,GHCND:US1COMT0013,METERS,-107.89114
1098,1841.9,2005-11-01,2026-01-01,38.4633,"MONTROSE 2.9 ESE, CO US",0.9711,GHCND:US1COMT0015,METERS,-107.8225
1099,1609.3,2007-10-01,2022-08-01,38.6507,"OLATHE 3.2 NNE, CO US",0.8882,GHCND:US1COMT0025,METERS,-107.967
1100,1817.8,2010-05-01,2023-01-01,38.4822,"MONTROSE 2.0 E, CO US",0.7317,GHCND:US1COMT0027,METERS,-107.835117
1101,2107.4,2009-04-01,2026-01-01,38.5246,"MONTROSE 7.3 ENE, CO US",0.9057,GHCND:US1COMT0031,METERS,-107.7488
1102,1804.1,2010-09-01,2025-11-01,38.476,"MONTROSE 1.6 E, CO US",0.9618,GHCND:US1COMT0036,METERS,-107.842
1103,1617.3,2014-01-01,2026-01-01,38.368364,"PARADOX 0.8 W, CO US",0.9654,GHCND:US1COMT0040,METERS,-108.964806
1104,1758.7,2014-10-01,2026-01-01,38.518889,"MONTROSE 8.1 WNW, CO US",0.9702,GHCND:US1COMT0045,METERS,-108.011944
1105,1789.2,2015-10-01,2021-11-01,38.4714,"MONTROSE 4.0 W, CO US",0.2162,GHCND:US1COMT0047,METERS,-107.945
1106,1804.4,2017-11-01,2024-08-01,38.4717,"MONTROSE 1.5 ESE, CO US",0.4756,GHCND:US1COMT0049,METERS,-107.8455
1107,1910.5,2018-08-01,2025-09-01,38.456,"MONTROSE 6.3 WSW, CO US",0.7325,GHCND:US1COMT0050,METERS,-107.9843
1108,1767.2,2019-05-01,2021-06-01,38.469806,"MONTROSE 1.8 WSW, CO US",0.538,GHCND:US1COMT0052,METERS,-107.902832
1109,1773.0,2019-10-01,2022-08-01,38.463,"MONTROSE 1.8 SW, CO US",0.9708,GHCND:US1COMT0055,METERS,-107.8981
1110,1599.9,2020-07-01,2025-12-01,38.66045,"DELTA 5.9 S, CO US",0.636,GHCND:US1COMT0058,METERS,-108.05945
1111,1622.5,2020-06-01,2026-01-01,38.6484,"OLATHE 5.2 NW, CO US",0.7349,GHCND:US1COMT0060,METERS,-108.0607
1112,1742.5,2020-12-01,2026-01-01,38.496395,"MONTROSE 1.2 N, CO US",0.7416,GHCND:US1COMT0061,METERS,-107.872383
1113,1816.6,2021-08-01,2026-01-01,38.434314,"MONTROSE 3.2 SSE, CO US",0.6291,GHCND:US1COMT0062,METERS,-107.85678
1114,1779.1,2022-08-01,2026-01-01,38.482904,"MONTROSE 0.5 NE, CO US",0.9987,GHCND:US1COMT0063,METERS,-107.86438
1115,1835.2,2022-09-01,2026-01-01,38.417248,"MONTROSE 4.5 SSE, CO US",0.8529,GHCND:US1COMT0064,METERS,-107.845138
1116,1805.9,2024-07-01,2026-01-01,38.46434,"MONTROSE 3.2 WSW, CO US",0.9446,GHCND:US1COMT0068,METERS,-107.9274
1117,2148.8,2004-07-01,2022-06-01,37.37581,"MANCOS 3.8 WNW, CO US",0.5139,GHCND:US1COMZ0013,METERS,-108.35245
1118,2173.8,2004-06-01,2026-01-01,37.4884,"DOLORES 4.8 ENE, CO US",0.9845,GHCND:US1COMZ0030,METERS,-108.4177
1119,1879.1,2005-06-01,2025-12-01,37.3398,"CORTEZ 1.2 SW, CO US",0.9918,GHCND:US1COMZ0034,METERS,-108.5938
1120,1887.0,2009-01-01,2023-01-01,37.3711696,"CORTEZ 2.3 NW, CO US",0.9171,GHCND:US1COMZ0043,METERS,-108.6122111
1121,2287.5,2010-06-01,2023-09-01,37.3712,"MANCOS 3.5 ENE, CO US",0.3813,GHCND:US1COMZ0046,METERS,-108.2373
1122,2035.8,2016-07-01,2026-01-01,37.421692,"DOLORES 4.0 SSW, CO US",0.7996,GHCND:US1COMZ0058,METERS,-108.526764
1123,2393.3,2019-09-01,2026-01-01,37.578717,"DOLORES 16.8 ENE, CO US",0.7139,GHCND:US1COMZ0071,METERS,-108.21992
1124,1886.1,2020-04-01,2023-01-01,37.320241,"CORTEZ 2.4 SSE, CO US",0.852,GHCND:US1COMZ0073,METERS,-108.560379
1125,2278.4,2020-07-01,2026-01-01,37.292609,"MANCOS 6.7 ESE, CO US",0.8202,GHCND:US1COMZ0077,METERS,-108.191662
1126,2432.0,2020-08-01,2022-08-01,37.581779,"DOLORES 19.3 ENE, CO US",0.16,GHCND:US1COMZ0078,METERS,-108.172559
1127,1962.0,2021-08-01,2026-01-01,37.40656504,"DOLORES 5.3 SSW, CO US",0.9066,GHCND:US1COMZ0081,METERS,-108.54182867
1128,1987.9,2024-04-01,2025-09-01,37.443883,"CORTEZ 8.7 NW, CO US",0.7221,GHCND:US1COMZ0084,METERS,-108.685931
1129,2323.5,2010-12-01,2025-12-01,38.20125827,"RIDGWAY 3.3 NNW, CO US",0.8838,GHCND:US1COOR0013,METERS,-107.76997589
1130,2383.8,2017-01-01,2026-01-01,38.21978,"RIDGWAY 5.3 NNW, CO US",0.9724,GHCND:US1COOR0019,METERS,-107.80634
1131,2287.5,2019-04-01,2025-07-01,38.1667,"RIDGWAY 4.1 W, CO US",0.3551,GHCND:US1COOR0021,METERS,-107.8261
1132,2421.0,2019-05-01,2025-09-01,38.195221,"RIDGWAY 3.6 NW, CO US",0.7788,GHCND:US1COOR0024,METERS,-107.795148
1133,2316.5,2019-12-01,2026-01-01,38.053412,"OURAY 2.1 NNW, CO US",0.7427,GHCND:US1COOR0025,METERS,-107.688459
1134,2442.4,2021-10-01,2024-03-01,38.1859,"RIDGWAY 2.4 NNW, CO US",0.8668,GHCND:US1COOR0027,METERS,-107.77431
1135,2153.4,2022-01-01,2025-12-01,38.1496151,"RIDGWAY 0.6 SW, CO US",0.9167,GHCND:US1COOR0029,METERS,-107.7592298
1136,2012.3,2023-06-01,2023-07-01,38.32083,"COLONA 4.2 NW, CO US",0.998,GHCND:US1COOR0032,METERS,-107.808123
1137,1263.1,2004-08-01,2026-01-01,38.109,"CHERAW .15 NNE, CO US",0.7131,GHCND:US1COOT0006,METERS,-103.5092
1138,1260.0,2006-08-01,2023-11-01,38.014336,"SWINK 0.1 WNW, CO US",0.5817,GHCND:US1COOT0023,METERS,-103.628633
1139,1267.1,2010-07-01,2023-09-01,38.02962112,"ROCKY FORD 2.9 ESE, CO US",0.6792,GHCND:US1COOT0029,METERS,-103.67507935
1140,1278.9,2015-03-01,2026-01-01,38.046182,"ROCKY FORD 0.4 SE, CO US",0.8773,GHCND:US1COOT0037,METERS,-103.71652
1141,1288.4,2015-09-01,2024-10-01,38.0439423769712,"ROCKY FORD 0.5 SSW, CO US",0.9816,GHCND:US1COOT0038,METERS,-103.725760728121
1142,1291.4,2016-08-01,2026-01-01,37.730657,"LA JUNTA 17.5 S, CO US",0.9997,GHCND:US1COOT0042,METERS,-103.496299
1143,1350.9,2023-08-01,2025-08-01,37.816851,"TIMPAS 0.3 SW, CO US",0.719,GHCND:US1COOT0051,METERS,-103.77431
1144,1142.1,2004-04-01,2025-09-01,40.5784,"HOLYOKE .59 SW, CO US",0.6899,GHCND:US1COPH0014,METERS,-102.3103
1145,1229.9,2006-05-01,2026-01-01,40.645494,"HAXTUN 0.2 N, CO US",0.987,GHCND:US1COPH0037,METERS,-102.628372
1146,1141.8,2012-01-01,2026-01-01,40.5824195,"HOLYOKE 0.3 WSW, CO US",0.9702,GHCND:US1COPH0045,METERS,-102.3089872
1147,1138.1,2022-06-01,2026-01-01,40.583321,"HOLYOKE 0.6 E, CO US",0.9987,GHCND:US1COPH0053,METERS,-102.292843
1148,1190.5,2022-06-01,2024-08-01,40.737747,"FAIRFIELD 1.1 E, CO US",0.9616,GHCND:US1COPH0054,METERS,-102.457321
1149,1144.2,2023-08-01,2025-06-01,40.57972,"HOLYOKE 0.4 SSW, CO US",0.2609,GHCND:US1COPH0056,METERS,-102.3078
1150,3168.1,2006-04-01,2026-01-01,39.2323,"FAIRPLAY 2.7 WNW, CO US",0.6217,GHCND:US1COPK0015,METERS,-106.0516
1151,2743.2,2004-02-01,2025-10-01,39.0205,"LAKE GEORGE 7.2 WNW, CO US",0.7586,GHCND:US1COPK0039,METERS,-105.494
1152,2710.0,2004-04-01,2026-01-01,38.9446,"LAKE GEORGE 7.5 WSW, CO US",0.9197,GHCND:US1COPK0046,METERS,-105.4895
1153,2897.1,2004-07-01,2026-01-01,38.7487,"GUFFEY 5.5 W, CO US",0.8724,GHCND:US1COPK0067,METERS,-105.6236
1154,3115.1,2007-08-01,2026-01-01,39.201648,"FAIRPLAY 2.7 SW, CO US",0.8331,GHCND:US1COPK0078,METERS,-106.041186
1155,2463.1,2009-07-01,2025-04-01,38.9693,"LAKE GEORGE 1.1 SE, CO US",0.3316,GHCND:US1COPK0088,METERS,-105.355
1156,2850.8,2011-08-01,2026-01-01,38.846819,"HARTSEL 12.0 S, CO US",0.5458,GHCND:US1COPK0090,METERS,-105.775031
1157,2712.7,2019-09-01,2025-12-01,38.7458,"GUFFEY 2.5 W, CO US",0.8155,GHCND:US1COPK0108,METERS,-105.5758
1158,2759.0,2021-06-01,2023-12-01,39.49417,"BAILEY 6.8 NNW, CO US",0.8383,GHCND:US1COPK0112,METERS,-105.5065
1159,2783.4,2021-07-01,2021-08-01,38.75327,"GUFFEY 2.7 E, CO US",0.9819,GHCND:US1COPK0113,METERS,-105.480428
1160,2919.4,2023-07-01,2026-01-01,39.2155909,"COMO 10.8 SE, CO US",0.7722,GHCND:US1COPK0117,METERS,-105.749964
1161,2100.4,2019-09-01,2026-01-01,39.253262,"CARBONDALE 10.0 S, CO US",0.4024,GHCND:US1COPT0015,METERS,-107.236861
1162,2084.8,2019-04-01,2026-01-01,39.250794,"REDSTONE 4.9 N, CO US",0.9382,GHCND:US1COPT0016,METERS,-107.236587
1163,2225.3,2019-07-01,2023-03-01,39.168,"REDSTONE 1.2 SW, CO US",0.9109,GHCND:US1COPT0017,METERS,-107.245
1164,1736.4,2004-04-01,2026-01-01,38.221417,"PUEBLO 17 W, CO US",0.748,GHCND:US1COPU0014,METERS,-104.942503
1165,1488.0,2004-04-01,2023-06-01,38.2357,"PUEBLO 3.1 WSW, CO US",0.2511,GHCND:US1COPU0028,METERS,-104.6621
1166,1547.2,2007-12-01,2024-11-01,38.334389,"PUEBLO WEST 6.0 W, CO US",0.7891,GHCND:US1COPU0055,METERS,-104.8305
1167,1421.9,2008-07-01,2026-01-01,38.27,"PUEBLO 1.1 ENE, CO US",0.8529,GHCND:US1COPU0060,METERS,-104.61
1168,1560.9,2009-08-01,2025-12-01,38.30417,"PUEBLO WEST 3.4 SSW, CO US",0.9846,GHCND:US1COPU0065,METERS,-104.743968
1169,1535.9,2010-08-01,2025-08-01,38.32483,"PUEBLO WEST 1.7 S, CO US",0.4419,GHCND:US1COPU0074,METERS,-104.72102
1170,1887.9,2011-08-01,2025-05-01,37.913512,"RYE 3.5 E, CO US",0.1265,GHCND:US1COPU0077,METERS,-104.868515
1171,1760.5,2013-05-01,2026-01-01,37.9525394,"RYE 11.2 E, CO US",0.9996,GHCND:US1COPU0079,METERS,-104.7296834
1172,1516.7,2012-05-01,2023-11-01,38.302906,"PUEBLO WEST 4.9 SW, CO US",0.892,GHCND:US1COPU0080,METERS,-104.790977
1173,1554.5,2013-01-01,2026-01-01,38.33388,"PUEBLO WEST 3.8 WSW, CO US",0.8789,GHCND:US1COPU0094,METERS,-104.78983
1174,1533.1,2013-06-01,2026-01-01,38.328498840332,"PUEBLO WEST 6.2 WSW, CO US",0.9405,GHCND:US1COPU0098,METERS,-104.833168029785
1175,2057.1,2013-11-01,2026-01-01,37.908435,"RYE 1.0 SSE, CO US",0.8706,GHCND:US1COPU0099,METERS,-104.922532
1176,1419.1,2017-01-01,2026-01-01,38.259312,"PUEBLO 4.7 SE, CO US",0.9999,GHCND:US1COPU0103,METERS,-104.547806
1177,1449.6,2015-04-01,2025-11-01,38.264332,"PUEBLO 2.5 SSW, CO US",0.9294,GHCND:US1COPU0109,METERS,-104.633345
1178,1442.3,2017-03-01,2024-08-01,38.289751,"PUEBLO 0.7 SSE, CO US",0.1666,GHCND:US1COPU0110,METERS,-104.613
1179,1467.6,2015-09-01,2023-05-01,38.3227778,"PUEBLO 2.2 NE, CO US",0.0645,GHCND:US1COPU0117,METERS,-104.593888
1180,1467.0,2015-11-01,2024-12-01,38.225351,"PUEBLO 5.0 S, CO US",0.9907,GHCND:US1COPU0118,METERS,-104.622504
1181,1862.3,2016-05-01,2023-10-01,37.91194444,"RYE 7.5 E, CO US",0.922,GHCND:US1COPU0121,METERS,-104.7941667
1182,1983.6,2016-04-01,2026-01-01,37.9158,"RYE 2.0 ESE, CO US",0.8895,GHCND:US1COPU0122,METERS,-104.8956
1183,1828.5,2016-06-01,2021-05-01,38.0573,"BEULAH 5.0 ESE, CO US",0.05,GHCND:US1COPU0123,METERS,-104.892018
1184,1893.7,2017-08-01,2025-12-01,37.9481,"COLORADO CITY 1.6 W, CO US",0.7127,GHCND:US1COPU0128,METERS,-104.8751
1185,1530.4,2018-09-01,2026-01-01,38.318763,"PUEBLO WEST 3.2 SW, CO US",0.9435,GHCND:US1COPU0132,METERS,-104.7649014
1186,1562.4,2018-09-01,2026-01-01,38.380456,"PUEBLO WEST 2.2 NNE, CO US",0.9884,GHCND:US1COPU0133,METERS,-104.7133
1187,1559.1,2018-09-01,2026-01-01,38.4003,"PUEBLO WEST 3.7 NNE, CO US",0.9098,GHCND:US1COPU0134,METERS,-104.6989
1188,1929.1,2021-06-01,2021-11-01,38.087698,"BEULAH 0.5 N, CO US",0.998,GHCND:US1COPU0143,METERS,-104.980942
1189,1504.2,2021-06-01,2026-01-01,38.2122,"PUEBLO 6.3 SSW, CO US",0.8921,GHCND:US1COPU0144,METERS,-104.6604
1190,1571.9,2022-10-01,2024-04-01,38.312298,"PUEBLO WEST 2.8 SSW, CO US",0.9479,GHCND:US1COPU0145,METERS,-104.740114
1191,1493.5,2022-02-01,2022-11-01,38.31562,"PUEBLO 1.3 NNW, CO US",0.7032,GHCND:US1COPU0147,METERS,-104.62846
1192,1913.2,2022-08-01,2026-01-01,38.07747,"BEULAH 0.5 ESE, CO US",0.8561,GHCND:US1COPU0150,METERS,-104.97184
1193,1471.3,2023-08-01,2026-01-01,38.251466,"PUEBLO 3.8 SSW, CO US",0.998,GHCND:US1COPU0154,METERS,-104.656047
1194,1433.8,2023-12-01,2026-01-01,38.22795,"PUEBLO 7.6 SE, CO US",0.9212,GHCND:US1COPU0155,METERS,-104.51019
1195,1485.6,2024-06-01,2025-09-01,38.2383,"PUEBLO 4.7 SSW, CO US",0.5625,GHCND:US1COPU0159,METERS,-104.65974
1196,1268.6,2011-11-01,2025-12-01,37.723276,"TWO BUTTES 12.0 NNW, CO US",0.9999,GHCND:US1COPW0024,METERS,-102.471804
1197,1286.0,2011-11-01,2025-12-01,37.694388,"TWO BUTTES 10.0 NNW, CO US",0.994,GHCND:US1COPW0025,METERS,-102.465612
1198,1249.1,2011-11-01,2025-12-01,37.729797,"TWO BUTTES 11.8 N, CO US",0.994,GHCND:US1COPW0026,METERS,-102.426827
1199,1270.7,2011-11-01,2025-12-01,37.748435,"TWO BUTTES 13.7 NNW, CO US",0.9881,GHCND:US1COPW0027,METERS,-102.474532
1200,1140.9,2013-11-01,2025-03-01,38.03964,"LAMAR 2.9 S, CO US",0.6863,GHCND:US1COPW0034,METERS,-102.60747
1201,1102.8,2014-08-01,2026-01-01,38.120705857873,"LAMAR 4.3 NE, CO US",0.2173,GHCND:US1COPW0040,METERS,-102.558124735951
1202,1140.6,2017-03-01,2026-01-01,38.1516952514648,"WILEY 0.3 S, CO US",0.99,GHCND:US1COPW0047,METERS,-102.719329833984
1203,1116.8,2021-06-01,2026-01-01,38.128224,"LAMAR 3.4 NNE, CO US",0.9991,GHCND:US1COPW0049,METERS,-102.604778
1204,1919.9,2006-02-01,2026-01-01,40.0407,"MEEKER 1.9 WSW, CO US",0.4708,GHCND:US1CORB0015,METERS,-107.9203
1205,1598.7,2017-06-01,2026-01-01,40.09445,"RANGELY 0.6 NNE, CO US",0.9899,GHCND:US1CORB0025,METERS,-108.7730333
1206,2332.9,2003-08-01,2026-01-01,37.5459,"MONTEVISTA 2.7 SSE, CO US",0.9961,GHCND:US1CORG0002,METERS,-106.1217
1207,2403.0,2005-05-01,2026-01-01,37.68117,"DEL NORTE 0.25 NW, CO US",0.9154,GHCND:US1CORG0009,METERS,-106.355035
1208,2332.0,2006-02-01,2026-01-01,37.576964,"MONTE VISTA 2.4 E, CO US",0.6792,GHCND:US1CORG0010,METERS,-106.100365
1209,2329.9,2007-08-01,2026-01-01,37.613,"MONTE VISTA 3.6 NE, CO US",0.3242,GHCND:US1CORG0015,METERS,-106.0936
1210,2385.4,2008-03-01,2022-01-01,37.679229,"DEL NORTE 3.3 E, CO US",0.7662,GHCND:US1CORG0016,METERS,-106.291679
1211,2339.6,2008-08-01,2025-11-01,37.580333,"MONTE VISTA 0.7 W, CO US",0.7067,GHCND:US1CORG0017,METERS,-106.156483
1212,2752.3,2013-06-01,2022-10-01,37.472049,"MONTE VISTA 10.8 SW, CO US",0.7609,GHCND:US1CORG0021,METERS,-106.289142
1213,2339.6,2013-11-01,2026-01-01,37.57911,"MONTE VISTA 0.8 W, CO US",0.9318,GHCND:US1CORG0023,METERS,-106.15808
1214,2670.0,2015-01-01,2026-01-01,37.661299,"SOUTH FORK 0.6 S, CO US",0.9848,GHCND:US1CORG0026,METERS,-106.621284
1215,2344.2,2018-08-01,2025-11-01,37.606429,"MONTE VISTA 2.6 NW, CO US",0.2386,GHCND:US1CORG0029,METERS,-106.174783
1216,2889.2,2018-04-01,2026-01-01,37.556377,"DEL NORTE 8.6 SSW, CO US",0.8718,GHCND:US1CORG0033,METERS,-106.385929
1217,2183.9,2004-05-01,2025-12-01,40.4848,"STEAMBOAT SPRINGS 1.1 E, CO US",0.7614,GHCND:US1CORT0016,METERS,-106.8092
1218,2587.8,2010-06-01,2026-01-01,40.080642,"YAMPA 5.1 S, CO US",0.9465,GHCND:US1CORT0026,METERS,-106.89294
1219,2076.3,2010-11-01,2026-01-01,40.486776,"STEAMBOAT SPRINGS 0.6 NNW, CO US",0.5518,GHCND:US1CORT0028,METERS,-106.824709
1220,2055.3,2012-05-01,2024-06-01,40.4867883771658,"STEAMBOAT SPRINGS 0.1 NNE, CO US",0.363,GHCND:US1CORT0032,METERS,-106.831147894263
1221,2278.4,2014-08-01,2026-01-01,40.466,"STEAMBOAT SPRINGS 2.0 ESE, CO US",0.4129,GHCND:US1CORT0040,METERS,-106.786
1222,2194.6,2012-08-01,2025-10-01,40.4744,"STEAMBOAT SPRINGS 1.9 E, CO US",0.3144,GHCND:US1CORT0043,METERS,-106.7853
1223,2027.8,2012-11-01,2022-10-01,40.5219152569771,"STEAMBOAT SPRINGS 7.9 WNW, CO US",0.7668,GHCND:US1CORT0048,METERS,-106.95926360786
1224,2135.1,2013-12-01,2026-01-01,40.514,"STEAMBOAT SPRINGS 2.5 N, CO US",0.9997,GHCND:US1CORT0052,METERS,-106.824
1225,2148.5,2014-01-01,2023-04-01,40.475368,"STEAMBOAT SPRINGS 0.7 ESE, CO US",1.0,GHCND:US1CORT0053,METERS,-106.808496
1226,2480.5,2015-08-01,2024-09-01,40.784797668457,"CLARK 7.1 NW, CO US",0.0364,GHCND:US1CORT0056,METERS,-106.99772644043
1227,2515.5,2018-07-01,2023-03-01,40.782529,"CLARK 6.6 NNW, CO US",0.1403,GHCND:US1CORT0061,METERS,-106.983489
1228,2256.4,2018-06-01,2024-03-01,40.26403,"OAK CREEK 4.7 E, CO US",0.7856,GHCND:US1CORT0063,METERS,-106.8689
1229,2277.8,2018-07-01,2026-01-01,40.273838,"OAK CREEK 0.4 W, CO US",0.6918,GHCND:US1CORT0064,METERS,-106.964015
1230,1991.6,2023-08-01,2026-01-01,40.474937,"HAYDEN 1.6 SW, CO US",0.9314,GHCND:US1CORT0079,METERS,-107.285078
1231,2040.3,2023-09-01,2026-01-01,40.513336,"STEAMBOAT SPRINGS 5.3 WNW, CO US",0.9985,GHCND:US1CORT0080,METERS,-106.910376
1232,2027.2,2023-12-01,2024-11-01,40.50961,"STEAMBOAT SPRINGS 5.2 WNW, CO US",0.3327,GHCND:US1CORT0081,METERS,-106.91007
1233,2464.3,2004-06-01,2025-01-01,37.9802,"CRESTONE 1.2 SSE, CO US",0.9514,GHCND:US1COSA0002,METERS,-105.689
1234,2514.9,2006-07-01,2026-01-01,37.7922,"LA GARITA 5.6 WSW, CO US",0.9784,GHCND:US1COSA0011,METERS,-106.3409
1235,2593.2,2008-07-01,2023-04-01,38.4026,"SARGENTS 0.3 NE, CO US",0.8597,GHCND:US1COSA0035,METERS,-106.4157
1236,2350.6,2014-08-01,2026-01-01,38.085715,"SAGUACHE 0.4 E, CO US",0.7533,GHCND:US1COSA0059,METERS,-106.134386
1237,2449.7,2015-08-01,2022-09-01,38.18548,"BONANZA 6.6 S, CO US",0.8138,GHCND:US1COSA0061,METERS,-106.10463
1238,2536.9,2018-12-01,2023-08-01,37.92831,"CRESTONE 5.3 SSE, CO US",0.7368,GHCND:US1COSA0066,METERS,-105.647762
1239,2435.4,2021-10-01,2025-08-01,37.9284673,"CRESTONE 5.0 SSE, CO US",0.2765,GHCND:US1COSA0067,METERS,-105.6621269
1240,1061.9,2001-05-01,2026-01-01,40.9889,"JULESBURG 0.1 WNW, CO US",0.1447,GHCND:US1COSG0004,METERS,-102.2667
1241,1063.1,2015-09-01,2023-04-01,40.992754,"JULESBURG 0.4 N, CO US",0.9569,GHCND:US1COSG0032,METERS,-102.265878
1242,1185.1,2021-07-01,2024-08-01,40.7637443,"OVID 13.7 S, CO US",0.9725,GHCND:US1COSG0035,METERS,-102.4219275
1243,1179.6,2022-07-01,2026-01-01,40.79576,"OVID 11.3 S, CO US",0.9751,GHCND:US1COSG0036,METERS,-102.3828
1244,2831.3,2017-08-01,2025-11-01,37.808256,"SILVERTON 0.3 WSW, CO US",0.6499,GHCND:US1COSJ0004,METERS,-107.669257
1245,1664.2,2010-09-01,2026-01-01,38.061375,"SLICK ROCK 1.3 N, CO US",0.8485,GHCND:US1COSM0008,METERS,-108.91013
1246,1805.9,2014-10-01,2026-01-01,37.924038,"REDVALE 22.8 SW, CO US",0.9114,GHCND:US1COSM0010,METERS,-108.684069
1247,2728.0,2019-06-01,2022-10-01,38.028838,"PLACERVILLE 3.6 E, CO US",0.6336,GHCND:US1COSM0017,METERS,-108.005319
1248,2141.8,2022-11-01,2025-12-01,38.130152,"NORWOOD 0.1 W, CO US",0.3946,GHCND:US1COSM0023,METERS,-108.293
1249,2767.0,2003-01-01,2025-05-01,39.5823,"FRISCO 0.5 N, CO US",0.6506,GHCND:US1COSU0004,METERS,-106.0959
1250,2951.7,2003-01-01,2026-01-01,39.6239,"SILVERTHORNE 2.1 WSW, CO US",0.4476,GHCND:US1COSU0006,METERS,-106.1018
1251,2773.1,2004-09-01,2022-04-01,39.597,"DILLON 2.3 SE, CO US",0.486,GHCND:US1COSU0016,METERS,-106.0071
1252,2485.9,2005-10-01,2026-01-01,39.9024,"SILVERTHORNE 21 NW, CO US",0.6638,GHCND:US1COSU0035,METERS,-106.305
1253,2436.6,2013-09-01,2026-01-01,39.8747596740723,"HEENEY 0.5 NW, CO US",0.8723,GHCND:US1COSU0058,METERS,-106.30786895752
1254,2999.2,2014-01-01,2026-01-01,39.6169,"SILVERTHORNE 2.8 SSW, CO US",0.5103,GHCND:US1COSU0061,METERS,-106.1092
1255,2660.3,2013-10-01,2023-10-01,39.653334,"SILVERTHORNE 0.1 NNW, CO US",0.2231,GHCND:US1COSU0062,METERS,-106.082183
1256,3013.6,2014-08-01,2025-12-01,39.4819,"BRECKENRIDGE 1.9 SSE, CO US",0.6933,GHCND:US1COSU0067,METERS,-106.0325
1257,2705.4,2018-02-01,2025-05-01,39.6652,"SILVERTHORNE 1.0 NNE, CO US",0.5912,GHCND:US1COSU0069,METERS,-106.0752
1258,2593.2,2009-06-01,2026-01-01,38.807053,"CRIPPLE CREEK 5.1 NW, CO US",0.9948,GHCND:US1COTL0016,METERS,-105.2310867
1259,2912.1,2011-08-01,2023-08-01,39.00252,"FLORISSANT 5.0 N, CO US",0.4206,GHCND:US1COTL0019,METERS,-105.2932
1260,2877.3,2015-01-01,2023-06-01,38.931422,"DIVIDE 1.0 E, CO US",0.0589,GHCND:US1COTL0029,METERS,-105.130654
1261,2698.4,2015-04-01,2025-07-01,38.99444444,"FLORISSANT 4.8 NNE, CO US",0.9998,GHCND:US1COTL0031,METERS,-105.265
1262,2481.7,2017-06-01,2023-10-01,38.765683,"FLORISSANT 11.5 S, CO US",0.1039,GHCND:US1COTL0032,METERS,-105.327902
1263,2578.3,2017-09-01,2022-09-01,39.010615,"WOODLAND PARK 1.1 N, CO US",0.4756,GHCND:US1COTL0033,METERS,-105.051013
1264,2865.7,2020-06-01,2026-01-01,38.857988,"DIVIDE 5.2 SSW, CO US",0.5438,GHCND:US1COTL0037,METERS,-105.178453
1265,2577.4,2021-04-01,2025-12-01,39.022956,"WOODLAND PARK 2.0 N, CO US",0.9468,GHCND:US1COTL0039,METERS,-105.058765
1266,2804.8,2024-01-01,2026-01-01,38.94894,"WOODLAND PARK 3.2 S, CO US",0.8788,GHCND:US1COTL0042,METERS,-105.05858
1267,2756.3,2024-04-01,2026-01-01,38.95385,"DIVIDE 3.6 WNW, CO US",0.9072,GHCND:US1COTL0043,METERS,-105.20931
1268,2540.8,2024-07-01,2026-01-01,39.012004,"WOODLAND PARK 1.6 NW, CO US",0.9446,GHCND:US1COTL0044,METERS,-105.071494
1269,1403.0,2018-07-01,2024-08-01,40.1766,"AKRON 1.9NE, CO US",0.1215,GHCND:US1COWA0016,METERS,-103.1851
1270,1414.9,2003-06-01,2026-01-01,39.8265,"LAST CHANCE 6.1 N, CO US",0.9777,GHCND:US1COWA0021,METERS,-103.5733
1271,1419.8,2010-07-01,2024-05-01,40.1586,"AKRON 0.8 ESE, CO US",0.1257,GHCND:US1COWA0064,METERS,-103.1972
1272,1464.9,2013-01-01,2026-01-01,39.685498,"ANTON 5.8 SE, CO US",0.9936,GHCND:US1COWA0067,METERS,-103.149094
1273,1402.7,2017-07-01,2025-10-01,40.206213,"AKRON 3.4 NNE, CO US",0.3499,GHCND:US1COWA0078,METERS,-103.181023
1274,1352.7,2018-05-01,2026-01-01,40.156383,"OTIS 5.7 W, CO US",0.9455,GHCND:US1COWA0080,METERS,-103.068424
1275,1427.7,2020-08-01,2023-09-01,40.163829,"AKRON 0.5 W, CO US",0.1843,GHCND:US1COWA0082,METERS,-103.220593
1276,1463.0,2004-02-01,2022-02-01,40.4108,"GREELEY 4.4 W, CO US",0.9634,GHCND:US1COWE0025,METERS,-104.7914
1277,1438.0,2004-06-01,2026-01-01,40.2917,"GREELEY 10.5 SSE, CO US",0.9998,GHCND:US1COWE0043,METERS,-104.6394
1278,1431.0,1999-06-01,2026-01-01,40.4297,"GREELEY 1.1 ENE, CO US",0.4843,GHCND:US1COWE0066,METERS,-104.7256
1279,1737.1,2004-06-01,2025-10-01,40.8877,"CARR 0.6 S, CO US",0.9221,GHCND:US1COWE0127,METERS,-104.8781
1280,1446.0,2004-06-01,2025-06-01,40.4932,"EATON 3.4 SE, CO US",0.8341,GHCND:US1COWE0129,METERS,-104.6681
1281,1424.0,2003-04-01,2026-01-01,40.4285,"GREELEY 1.8 N, CO US",0.872,GHCND:US1COWE0137,METERS,-104.7024
1282,1466.1,2021-07-01,2025-10-01,40.3945,"GREELEY 1 SW, CO US",0.1537,GHCND:US1COWE0161,METERS,-104.7198
1283,1449.0,2000-04-01,2026-01-01,40.3575,"GREELEY 5.2 SW, CO US",0.8515,GHCND:US1COWE0163,METERS,-104.7752
1284,1477.1,2000-05-01,2025-11-01,40.4005,"GREELEY 2.6 W, CO US",0.9543,GHCND:US1COWE0171,METERS,-104.7475
1285,1535.0,2005-01-01,2023-10-01,40.044,"HUDSON 4.8 WSW, CO US",1.0,GHCND:US1COWE0187,METERS,-104.7254
1286,1490.8,2003-06-01,2024-10-01,40.545511,"EATON 4.2 ENE, CO US",0.1245,GHCND:US1COWE0199,METERS,-104.63526
1287,1513.0,2001-05-01,2026-01-01,40.12,"LONGMONT 8.2 ESE, CO US",0.9829,GHCND:US1COWE0203,METERS,-104.96
1288,1549.0,2004-07-01,2022-02-01,40.0679,"ERIE 1.6 NE, CO US",0.7312,GHCND:US1COWE0209,METERS,-105.0293
1289,1563.3,2002-01-01,2026-01-01,40.59488,"FCL 7.9 ENE, CO US",0.9999,GHCND:US1COWE0250,METERS,-104.928187
1290,1499.0,2007-08-01,2026-01-01,40.172889,"LONGMONT 5.1 E, CO US",0.8646,GHCND:US1COWE0302,METERS,-105.015225
1291,1484.1,2007-09-01,2025-08-01,40.521074,"GALETON 1.6 E, CO US",0.4074,GHCND:US1COWE0303,METERS,-104.548846
1292,1553.6,2011-10-01,2026-01-01,40.21242,"LONGMONT 4.6 NE, CO US",0.9764,GHCND:US1COWE0311,METERS,-105.0425738
1293,1448.1,2008-08-01,2026-01-01,40.438,"GREELEY 4.6 WNW, CO US",0.9998,GHCND:US1COWE0318,METERS,-104.807
1294,1497.8,2014-06-01,2024-08-01,40.170559,"FORT LUPTON 7.4 NW, CO US",0.1951,GHCND:US1COWE0326,METERS,-104.885759
1295,1389.3,2010-03-01,2026-01-01,40.386768,"KERSEY 4.5 E, CO US",0.9577,GHCND:US1COWE0340,METERS,-104.473547
1296,1585.6,2010-12-01,2026-01-01,40.710576,"NUNN 1.2 ENE, CO US",0.9943,GHCND:US1COWE0345,METERS,-104.759537
1297,1501.4,2012-04-01,2024-12-01,40.121321,"FREDERICK 2.0 NW, CO US",0.8822,GHCND:US1COWE0364,METERS,-104.974323
1298,1475.8,2012-05-01,2026-01-01,40.307229,"MILLIKEN 1.3 WSW, CO US",0.9512,GHCND:US1COWE0374,METERS,-104.87334
1299,1564.2,2012-11-01,2026-01-01,40.0235290527344,"ERIE 0.5 SE, CO US",0.6792,GHCND:US1COWE0392,METERS,-105.039283752441
1300,1500.2,2013-03-01,2023-02-01,40.6124,"NEW RAYMER 9.4 W, CO US",0.5084,GHCND:US1COWE0394,METERS,-103.959
1301,1482.9,2013-03-01,2025-01-01,40.5386199951172,"EATON 4.3 ENE, CO US",0.9785,GHCND:US1COWE0397,METERS,-104.629867553711
1302,1590.4,2013-08-01,2026-01-01,40.76502,"NUNN 6.5 NE, CO US",0.973,GHCND:US1COWE0409,METERS,-104.6864
1303,1476.8,2013-11-01,2024-04-01,40.5291,"EATON 0.8 WNW, CO US",0.1588,GHCND:US1COWE0423,METERS,-104.725
1304,1453.6,2013-10-01,2026-01-01,40.4121437072754,"GREELEY 1.7 ESE, CO US",0.9795,GHCND:US1COWE0424,METERS,-104.713966369629
1305,1486.8,2013-11-01,2026-01-01,40.4033737182617,"GREELEY 2.4 WSW, CO US",0.9046,GHCND:US1COWE0428,METERS,-104.78328704834
1306,1427.4,2013-11-01,2026-01-01,40.42167,"GREELEY 2.0 E, CO US",0.8842,GHCND:US1COWE0430,METERS,-104.705686
1307,1432.0,2013-12-01,2023-10-01,40.354696001438,"GREELEY 4.7 SSW, CO US",0.521,GHCND:US1COWE0433,METERS,-104.76375818253
1308,1460.0,2014-05-01,2026-01-01,40.5088,"EATON 1.8 SE, CO US",0.7797,GHCND:US1COWE0441,METERS,-104.6825
1309,1498.7,2022-08-01,2026-01-01,40.0841522216797,"FORT LUPTON 0.1 SW, CO US",0.9987,GHCND:US1COWE0444,METERS,-104.805976867676
1310,1415.2,2014-06-01,2026-01-01,40.380225,"KERSEY 1.3 WSW, CO US",0.9996,GHCND:US1COWE0447,METERS,-104.584161
1311,1510.6,2016-04-01,2024-12-01,40.3398717194796,"JOHNSTOWN 1.9 W, CO US",0.7521,GHCND:US1COWE0495,METERS,-104.946823641658
1312,1460.6,1999-09-01,2026-01-01,40.4269180297852,"GREELEY 1.0 WNW, CO US",0.2429,GHCND:US1COWE0500,METERS,-104.760604858398
1313,1450.5,2016-10-01,2026-01-01,40.442888,"WINDSOR 3.0 SSE, CO US",0.6427,GHCND:US1COWE0507,METERS,-104.895297
1314,1476.5,2024-05-01,2025-05-01,40.414168,"GREELEY 1.2 WSW, CO US",0.1537,GHCND:US1COWE0509,METERS,-104.764503
1315,1557.8,2016-12-01,2026-01-01,40.048559,"ERIE 1.5 NNE, CO US",0.9997,GHCND:US1COWE0511,METERS,-105.033281
1316,1416.4,2017-03-01,2025-08-01,40.3784,"GREELEY 8.5 ESE, CO US",0.1568,GHCND:US1COWE0515,METERS,-104.5922
1317,1536.2,2017-07-01,2021-09-01,40.23653,"MEAD 0.8 W, CO US",0.9996,GHCND:US1COWE0516,METERS,-105.00308
1318,1437.4,2017-04-01,2026-01-01,40.37864,"EVANS 0.6 W, CO US",0.9712,GHCND:US1COWE0517,METERS,-104.707608
1319,1579.5,2018-03-01,2024-01-01,40.593783,"FORT COLLINS 8.7 ENE, CO US",0.985,GHCND:US1COWE0528,METERS,-104.911479
1320,1460.9,2018-04-01,2021-10-01,40.4850362,"WINDSOR 1.2 E, CO US",0.79,GHCND:US1COWE0529,METERS,-104.8828156
1321,1494.7,2018-04-01,2022-04-01,40.1497,"FIRESTONE 2.1 NNW, CO US",0.8574,GHCND:US1COWE0530,METERS,-104.9439
1322,1439.3,2018-07-01,2026-01-01,40.47146,"GREELEY 3.5 N, CO US",0.56,GHCND:US1COWE0533,METERS,-104.73213
1323,1450.8,2018-06-01,2025-08-01,40.428289,"GREELEY 0.8 NW, CO US",0.9307,GHCND:US1COWE0536,METERS,-104.754903
1324,1483.8,2018-09-01,2025-09-01,40.63318,"BRIGGSDALE 0.4 WNW, CO US",0.4471,GHCND:US1COWE0541,METERS,-104.32713
1325,1445.1,2018-10-01,2025-12-01,40.49404,"EATON 5.1 ESE, CO US",0.8733,GHCND:US1COWE0542,METERS,-104.62139
1326,1481.3,2020-08-01,2021-12-01,40.231583,"LA SALLE 9.5 SSE, CO US",0.9989,GHCND:US1COWE0558,METERS,-104.609326
1327,1525.5,2020-11-01,2021-06-01,40.110188,"FIRESTONE 0.8 SSE, CO US",0.5031,GHCND:US1COWE0562,METERS,-104.928874
1328,1447.8,2020-12-01,2026-01-01,40.4273,"GREELEY 0.5 NNW, CO US",0.9995,GHCND:US1COWE0563,METERS,-104.7486
1329,1488.9,2021-01-01,2023-06-01,40.514749,"SEVERANCE 0.7 SW, CO US",0.7016,GHCND:US1COWE0564,METERS,-104.858806
1330,1519.7,2021-09-01,2022-05-01,40.107814,"FREDERICK 0.5 ENE, CO US",0.223,GHCND:US1COWE0570,METERS,-104.934414
1331,1540.5,2021-10-01,2026-01-01,40.042968,"ERIE 1.1 NNW, CO US",0.98,GHCND:US1COWE0571,METERS,-105.053567
1332,1495.7,2021-10-01,2023-10-01,40.156346,"FIRESTONE 2.5 N, CO US",0.9999,GHCND:US1COWE0572,METERS,-104.928117
1333,1483.5,2021-11-01,2023-09-01,40.1540523,"LONGMONT 6.6 ESE, CO US",0.4354,GHCND:US1COWE0574,METERS,-104.9891848
1334,1467.9,2022-05-01,2023-09-01,40.4874985,"WINDSOR 1.3 W, CO US",0.6464,GHCND:US1COWE0577,METERS,-104.93045
1335,1481.6,2022-09-01,2025-08-01,40.43843,"WINDSOR 3.2 S, CO US",0.4443,GHCND:US1COWE0580,METERS,-104.90057
1336,1464.0,2023-03-01,2026-01-01,40.487643,"WINDSOR 1.5 WNW, CO US",0.969,GHCND:US1COWE0588,METERS,-104.932009
1337,1442.0,2023-03-01,2023-06-01,40.419552,"GREELEY 1.3 E, CO US",0.7485,GHCND:US1COWE0589,METERS,-104.718813
1338,1452.4,2023-05-01,2026-01-01,40.42554,"GREELEY 0.6 WNW, CO US",0.8161,GHCND:US1COWE0594,METERS,-104.754246
1339,1531.0,2023-07-01,2026-01-01,40.092689,"FREDERICK 3.0 WSW, CO US",0.9331,GHCND:US1COWE0597,METERS,-104.996058
1340,1581.0,2023-06-01,2023-12-01,40.706401,"NUNN 0.2 NNE, CO US",0.8534,GHCND:US1COWE0599,METERS,-104.778109
1341,1538.0,2023-06-01,2024-10-01,40.072121,"ERIE 3.0 N, CO US",0.6451,GHCND:US1COWE0601,METERS,-105.041982
1342,1469.7,2023-08-01,2024-07-01,40.48243,"GILL 2.8 NW, CO US",0.6653,GHCND:US1COWE0602,METERS,-104.56145
1343,1471.3,2023-09-01,2025-12-01,40.5189,"EATON 1.0 WSW, CO US",0.9278,GHCND:US1COWE0603,METERS,-104.7266
1344,1447.8,2023-11-01,2025-07-01,40.32148,"MILLIKEN 1.0 ENE, CO US",0.524,GHCND:US1COWE0606,METERS,-104.8349
1345,1466.4,2024-03-01,2026-01-01,40.4958,"WINDSOR 1.4 WNW, CO US",0.6504,GHCND:US1COWE0607,METERS,-104.9281
1346,1477.7,2024-02-01,2025-06-01,40.493611,"WINDSOR 2.9 ENE, CO US",0.4129,GHCND:US1COWE0608,METERS,-104.852778
1347,1427.1,2024-04-01,2025-12-01,40.4520455,"GILL 0.6 WNW, CO US",0.8085,GHCND:US1COWE0609,METERS,-104.5414755
1348,1465.2,2024-06-01,2026-01-01,40.490165,"WINDSOR 1.4 ENE, CO US",0.6986,GHCND:US1COWE0610,METERS,-104.8804679
1349,1460.0,2024-07-01,2026-01-01,40.446908,"WINDSOR 2.7 S, CO US",0.9971,GHCND:US1COWE0612,METERS,-104.909303
1350,1289.0,2000-06-01,2021-04-01,39.7041,"LIBERTY 5.5 NW, CO US",0.9523,GHCND:US1COYU0024,METERS,-102.708
1351,1177.1,2005-05-01,2026-01-01,39.8438,"VERNON 7.1 S, CO US",0.8793,GHCND:US1COYU0048,METERS,-102.3241
1352,1106.1,2005-06-01,2026-01-01,40.3454,"WRAY 19 NNE, CO US",0.9796,GHCND:US1COYU0052,METERS,-102.1418
1353,1261.0,2006-05-01,2024-12-01,39.614238,"KIRK 6.2 E, CO US",0.9774,GHCND:US1COYU0059,METERS,-102.483259
1354,1164.0,2006-08-01,2026-01-01,39.97743,"VERNON 3.6 NNE, CO US",0.9998,GHCND:US1COYU0062,METERS,-102.250747
1355,1122.3,2007-08-01,2026-01-01,40.136925,"WRAY 4.2 NNE, CO US",0.7836,GHCND:US1COYU0068,METERS,-102.19806
1356,1210.4,2016-04-01,2024-04-01,39.70459,"IDALIA 0.5 NE, CO US",0.1031,GHCND:US1COYU0127,METERS,-102.293974
1357,2634.7,1998-04-01,2025-11-01,37.3169,"AGUILAR 18 WSW, CO US",0.9819,GHCND:USC00050105,METERS,-104.9504
1358,1384.4,1893-06-01,2026-01-01,40.15507,"AKRON 4 E, CO US",0.62,GHCND:USC00050109,METERS,-103.1418
1359,2298.2,2005-09-01,2026-01-01,37.4702,"ALAMOSA 1 E, CO US",0.9877,GHCND:USC00050128,METERS,-105.8569
1360,1718.2,1947-07-01,2025-12-01,39.4992,"ALTENBERN, CO US",0.9946,GHCND:USC00050214,METERS,-108.3809
1361,2724.6,1961-06-01,2026-01-01,38.99305,"ANTERO RESERVOIR, CO US",0.987,GHCND:USC00050263,METERS,-105.89145
1362,1225.3,1948-09-01,2024-09-01,38.8528,"ARAPAHOE, CO US",0.4096,GHCND:USC00050304,METERS,-102.1764
1363,1239.0,2003-07-01,2026-01-01,38.6841,"ARAPAHOE 12 S, CO US",0.9776,GHCND:USC00050306,METERS,-102.1614
1364,2491.7,1980-07-01,2025-12-01,39.1852,"ASPEN 1 SW, CO US",0.9834,GHCND:USC00050372,METERS,-106.838
1365,1372.2,2017-01-01,2023-11-01,38.25593,"AVONDALE 1 N, CO US",0.88,GHCND:USC00050424,METERS,-104.35098
1366,2362.8,1901-04-01,2022-05-01,39.4052,"BAILEY, CO US",0.6843,GHCND:USC00050454,METERS,-105.4765
1367,2484.4,2003-10-01,2026-01-01,38.5547,"BLACK CANYON OF THE GUNNISON, CO US",0.9774,GHCND:USC00050754,METERS,-107.6872
1368,2115.9,2010-04-01,2022-12-01,39.02888,"BLACK FOREST 6 WNW, CO US",0.9932,GHCND:USC00050756,METERS,-104.80177
1369,2306.7,1967-11-01,2026-01-01,38.4666,"BLUE MESA LAKE, CO US",0.9384,GHCND:USC00050797,METERS,-107.1677
1370,3009.0,1963-07-01,2025-12-01,39.1025,"BONHAM RESERVOIR, CO US",0.7159,GHCND:USC00050825,METERS,-107.8988
1371,1132.9,1949-06-01,2026-01-01,39.6567,"BONNY DAM 2 NE, CO US",0.9152,GHCND:USC00050834,METERS,-102.1193
1372,1673.0,1893-10-01,2026-01-01,39.99282,"BOULDER, CO US",0.9635,GHCND:USC00050848,METERS,-105.26683
1373,2925.5,1893-01-01,2025-12-01,39.48637,"BRECKENRIDGE, CO US",0.7168,GHCND:USC00050909,METERS,-106.04314
1374,3122.1,2025-08-01,2025-11-01,39.40845,"BRECKENRIDGE 5 S, CO US",0.998,GHCND:USC00050917,METERS,-106.04593
1375,1481.0,1948-08-01,2025-12-01,40.63398,"BRIGGSDALE, CO US",0.6975,GHCND:USC00050945,METERS,-104.32856
1376,1531.6,1973-10-01,2026-01-01,39.9428,"BRIGHTON 3 SE, CO US",0.9888,GHCND:USC00050950,METERS,-104.83504
1377,2256.1,1988-08-01,2026-01-01,40.6142,"BUCKHORN MOUNTAIN 1 E, CO US",0.9688,GHCND:USC00051060,METERS,-105.2954
1378,2424.4,1899-08-01,2026-01-01,38.8246,"BUENA VISTA 2 S, CO US",0.9084,GHCND:USC00051071,METERS,-106.1276
1379,1268.6,1903-11-01,2026-01-01,39.3062,"BURLINGTON, CO US",0.9632,GHCND:USC00051121,METERS,-102.26085
1380,1554.8,1893-01-01,2025-12-01,39.74062,"BYERS 5 ENE, CO US",0.7124,GHCND:USC00051179,METERS,-104.12742
1381,3054.1,1968-01-01,2026-01-01,39.6552,"CABIN CREEK, CO US",0.9856,GHCND:USC00051186,METERS,-105.7088
1382,1251.2,1954-05-01,2026-01-01,37.01029,"CAMPO 7 S, CO US",0.9372,GHCND:USC00051268,METERS,-102.55367
1383,1639.2,1893-03-01,2026-01-01,38.4599,"CANON CITY, CO US",0.9517,GHCND:USC00051294,METERS,-105.2255
1384,1876.3,1893-01-01,2025-09-01,39.38638,"CASTLE ROCK, CO US",0.6987,GHCND:USC00051401,METERS,-104.8635
1385,2038.8,2020-06-01,2026-01-01,38.90098,"CEDAREDGE 1 E, CO US",0.9994,GHCND:USC00051441,METERS,-107.90208
1386,2095.5,1902-08-01,2026-01-01,39.22017,"CHEESMAN, CO US",0.9885,GHCND:USC00051528,METERS,-105.27825
1387,1264.0,1948-09-01,2025-12-01,38.115,"CHERAW 1 N, CO US",0.4515,GHCND:USC00051539,METERS,-103.51
1388,2100.1,1951-09-01,2025-12-01,38.4432,"CIMARRON, CO US",0.9585,GHCND:USC00051609,METERS,-107.557
1389,3457.7,1893-01-01,2026-01-01,39.3671,"CLIMAX, CO US",0.5911,GHCND:USC00051660,METERS,-106.1898
1390,2440.2,1909-06-01,2025-12-01,38.44313,"COCHETOPA CREEK, CO US",0.7305,GHCND:USC00051713,METERS,-106.76156
1391,1832.8,1893-01-01,2025-12-01,39.24021,"COLLBRAN, CO US",0.75,GHCND:USC00051741,METERS,-107.95751
1392,1842.8,2000-02-01,2023-11-01,39.2343,"COLLBRAN 1 WSW, CO US",1.0,GHCND:USC00051743,METERS,-107.97955
1393,1762.0,1940-03-01,2026-01-01,39.1013,"COLORADO NATIONAL MONUMENT, CO US",0.9679,GHCND:USC00051772,METERS,-108.7338
1394,1879.7,2020-01-01,2022-01-01,38.81581,"COLORADO SPRINGS AIRPORT SNOW, CO US",0.9986,GHCND:USC00051777,METERS,-104.69954
1395,2118.1,2018-03-01,2026-01-01,38.94877,"CUMBRE VISTA COLORADO SPRINGS 10 NE, CO US",0.9781,GHCND:USC00051786,METERS,-104.71041
1396,1879.7,1911-07-01,2026-01-01,37.3444,"CORTEZ, CO US",0.8407,GHCND:USC00051886,METERS,-108.595
1397,1980.0,1977-05-01,2025-12-01,40.45155,"CRAIG 4 SW, CO US",0.9211,GHCND:USC00051932,METERS,-107.5906
1398,2628.6,2007-02-01,2025-12-01,37.8255,"CREEDE WATER TREATMENT, CO US",0.8811,GHCND:USC00051948,METERS,-106.9319
1399,2702.7,1909-06-01,2026-01-01,38.8738,"CRESTED BUTTE, CO US",0.9735,GHCND:USC00051959,METERS,-106.9772
1400,2439.3,1982-04-01,2026-01-01,37.98054,"CRESTONE 2 SE, CO US",0.9942,GHCND:USC00051964,METERS,-105.68978
1401,2814.8,2005-12-01,2026-01-01,38.7955,"CRIPPLE CREEK 3 NNW, CO US",0.9379,GHCND:USC00051977,METERS,-105.2004
1402,1130.5,1996-03-01,2021-12-01,40.86,"CROOK, CO US",0.9966,GHCND:USC00051996,METERS,-102.803
1403,2391.2,1893-01-01,2026-01-01,37.69099,"DEL NORTE 3 ENE, CO US",0.7777,GHCND:USC00052184,METERS,-106.30791
1404,1532.2,2000-01-01,2024-09-01,38.7538,"DELTA 3 E, CO US",0.9596,GHCND:USC00052196,METERS,-108.0277
1405,1615.1,2023-03-01,2026-01-01,39.75797,"DENVER CENTRAL PARK 1 SSE, CO US",0.9405,GHCND:USC00052221,METERS,-104.87397
1406,1592.6,1997-11-01,2025-12-01,39.72944,"DENVER WATER DEPARTMENT, CO US",0.9852,GHCND:USC00052223,METERS,-105.00861
1407,2767.9,1893-01-01,2026-01-01,39.62455,"DILLON 1 E, CO US",0.8648,GHCND:USC00052281,METERS,-106.03353
1408,2784.0,2011-05-01,2026-01-01,38.9608,"DIVIDE 4 NW, CO US",0.9939,GHCND:USC00052294,METERS,-105.2158
1409,1996.7,2019-07-01,2026-01-01,37.15697,"DURANGO 8 S, CO US",0.9737,GHCND:USC00052435,METERS,-107.8563
1410,1283.8,1907-04-01,2025-12-01,38.47586,"EADS, CO US",0.9024,GHCND:USC00052446,METERS,-102.77708
1411,2197.6,1956-04-01,2025-12-01,39.1091,"EASTONVILLE 2 NNW, CO US",0.9928,GHCND:USC00052494,METERS,-104.5997
1412,2015.0,1996-09-01,2025-12-01,39.38039,"ELIZABETH 2 NW, CO US",0.7131,GHCND:USC00052631,METERS,-104.62878
1413,1749.2,2010-07-01,2026-01-01,38.7402,"ELLICOTT 7 S, CO US",0.9675,GHCND:USC00052668,METERS,-104.3994
1414,2320.7,1896-02-01,2026-01-01,40.38528,"ESTES PARK, CO US",0.6936,GHCND:USC00052759,METERS,-105.49444
1415,2134.2,1961-05-01,2026-01-01,39.63793,"EVERGREEN, CO US",0.9677,GHCND:USC00052790,METERS,-105.31504
1416,3015.4,2002-06-01,2025-12-01,39.22194,"FAIRPLAY S. PARK R.D., CO US",0.8338,GHCND:USC00052816,METERS,-105.99357
1417,1499.9,1919-07-01,2025-08-01,39.28135,"FLAGLER 1 S, CO US",0.73,GHCND:USC00052932,METERS,-103.06207
1418,1678.2,1996-11-01,2025-12-01,40.3678,"FLATIRON RESERVOIR, CO US",0.9686,GHCND:USC00052934,METERS,-105.2356
1419,1299.7,1998-04-01,2025-12-01,40.6483,"FLEMING 3 SW, CO US",0.9819,GHCND:USC00052947,METERS,-102.8594
1420,2560.9,1989-01-01,2025-12-01,38.91279,"FLORISSANT FOSSIL BEDS, CO US",0.9707,GHCND:USC00052965,METERS,-105.28507
1421,1525.2,1893-01-01,2025-12-01,40.57629,"FORT COLLINS, CO US",0.9862,GHCND:USC00053005,METERS,-105.08575
1422,1499.6,1990-10-01,2021-07-01,40.5756,"FORT COLLINS 4 E, CO US",0.9892,GHCND:USC00053006,METERS,-105.0236
1423,2320.7,1915-01-01,2025-12-01,37.2309,"FORT LEWIS, CO US",0.8881,GHCND:USC00053016,METERS,-108.0514
1424,1333.8,1896-12-01,2025-08-01,40.25694,"FORT MORGAN, CO US",0.9036,GHCND:USC00053038,METERS,-103.86987
1425,2610.0,1989-05-01,2026-01-01,39.94563,"FRASER, CO US",0.9477,GHCND:USC00053116,METERS,-105.81389
1426,1371.0,1893-01-01,2025-09-01,39.14449,"FRUITA, CO US",0.8243,GHCND:USC00053146,METERS,-108.728
1427,1423.7,1947-09-01,2025-12-01,38.68778,"GATEWAY 1 ENE, CO US",0.9553,GHCND:USC00053246,METERS,-108.9609
1428,1704.7,1940-08-01,2026-01-01,39.2771,"GENOA, CO US",0.9084,GHCND:USC00053258,METERS,-103.4945
1429,2596.9,1893-01-01,2026-01-01,39.7052,"GEORGETOWN, CO US",0.551,GHCND:USC00053261,METERS,-105.6996
1430,1929.4,1999-10-01,2026-01-01,38.95422,"GLADE PARK 17 W, CO US",0.9998,GHCND:USC00053307,METERS,-109.05309
1431,1746.5,1893-09-01,2023-06-01,39.55563,"GLENWOOD SPGS NUMBER 2, CO US",0.8608,GHCND:USC00053359,METERS,-107.33847
1432,2754.8,2000-10-01,2026-01-01,40.51133,"GOULD 4 SE S.F.S.P, CO US",0.9769,GHCND:USC00053446,METERS,-106.01054
1433,1471.0,2011-11-01,2026-01-01,39.1198,"GRAND JUNCTION WEATHER FORECAST OFFICE, CO US",0.9998,GHCND:USC00053486,METERS,-108.5247
1434,1450.8,1962-04-01,2025-12-01,39.0422,"GRAND JUNCTION 6 ESE, CO US",0.9686,GHCND:USC00053489,METERS,-108.4663
1435,2657.9,1907-10-01,2025-12-01,40.2669,"GRAND LAKE 1 NW, CO US",0.8104,GHCND:USC00053496,METERS,-105.8322
1436,2526.8,1948-08-01,2025-12-01,40.18185,"GRAND LAKE 6 SSW, CO US",0.9892,GHCND:USC00053500,METERS,-105.87057
1437,2652.4,1963-09-01,2026-01-01,39.46075,"GRANT, CO US",0.9906,GHCND:USC00053530,METERS,-105.6785
1438,2494.2,1950-09-01,2025-12-01,37.7332,"GREAT SAND DUNES NATIONAL PARK AND PRESERVE, CO US",0.9845,GHCND:USC00053541,METERS,-105.5119
1439,1452.4,1967-03-01,2026-01-01,40.40233,"GREELEY UNC, CO US",0.9985,GHCND:USC00053553,METERS,-104.69907
1440,2098.5,1978-05-01,2026-01-01,39.9363,"GROSS RESERVOIR, CO US",0.9894,GHCND:USC00053629,METERS,-105.3502
1441,2717.3,2007-01-01,2025-12-01,38.6866,"GUFFEY 9 SE, CO US",1.0,GHCND:USC00053652,METERS,-105.3925
1442,2323.2,1893-07-01,2026-01-01,38.5254,"GUNNISON 3 SW, CO US",0.9371,GHCND:USC00053662,METERS,-106.9672
1443,1971.1,1909-02-01,2026-01-01,40.4926,"HAYDEN, CO US",0.906,GHCND:USC00053867,METERS,-107.2548
1444,2727.7,1920-01-01,2025-12-01,37.74933,"HERMIT 8 SE, CO US",0.9811,GHCND:USC00053951,METERS,-107.095
1445,1615.7,2022-03-01,2025-12-01,40.97257,"HEREFORD, CO US",0.9987,GHCND:USC00053959,METERS,-104.29643
1446,1036.6,1894-03-01,2026-01-01,38.0517,"HOLLY, CO US",0.9109,GHCND:USC00054076,METERS,-102.1316
1447,1152.1,1893-01-01,2026-01-01,40.5454,"HOLYOKE, CO US",0.886,GHCND:USC00054082,METERS,-102.3412
1448,2901.7,1988-09-01,2021-09-01,40.583,"HOURGLASS RESERVOIR, CO US",0.9925,GHCND:USC00054135,METERS,-105.632
1449,1208.5,1941-08-01,2021-02-01,39.7033,"IDALIA, CO US",0.8848,GHCND:USC00054242,METERS,-102.2939
1450,1995.8,2001-01-01,2026-01-01,37.0855,"IGNACIO 6 ESE, CO US",0.9966,GHCND:USC00054254,METERS,-107.5333
1451,1303.0,1948-08-01,2022-08-01,39.6552,"JOES, CO US",0.5512,GHCND:USC00054380,METERS,-102.68043
1452,1161.6,1941-08-01,2026-01-01,38.06332,"JOHN MARTIN DAM, CO US",0.9586,GHCND:USC00054388,METERS,-102.92989
1453,1059.8,1893-01-01,2025-05-01,40.98795,"JULESBURG, CO US",0.8018,GHCND:USC00054413,METERS,-102.26527
1454,1557.8,1941-08-01,2026-01-01,38.73293,"KARVAL, CO US",0.9842,GHCND:USC00054444,METERS,-103.53513
1455,1675.8,1918-11-01,2026-01-01,39.49018,"KASSLER, CO US",0.979,GHCND:USC00054452,METERS,-105.0954
1456,1581.9,1948-08-01,2024-06-01,37.4536,"KIM 15 NNE, CO US",0.494,GHCND:USC00054538,METERS,-103.322
1457,1602.3,1988-04-01,2026-01-01,37.115,"KIM 10 SSE, CO US",0.9977,GHCND:USC00054546,METERS,-103.2986
1458,1311.2,1893-01-01,2025-03-01,38.76261,"KIT CARSON, CO US",0.5879,GHCND:USC00054603,METERS,-102.79962
1459,1324.7,1996-11-01,2025-06-01,38.8867,"KIT CARSON 9 NNE, CO US",0.8693,GHCND:USC00054606,METERS,-102.7232
1460,2256.4,1908-01-01,2025-03-01,40.0577,"KREMMLING, CO US",0.5522,GHCND:USC00054664,METERS,-106.36965
1461,1246.3,1995-04-01,2026-01-01,37.98236,"LA JUNTA, CO US",0.9647,GHCND:USC00054724,METERS,-103.54397
1462,1283.2,1982-08-01,2024-09-01,37.75144,"LA JUNTA 20 S, CO US",0.996,GHCND:USC00054726,METERS,-103.47671
1463,2656.0,2012-10-01,2025-12-01,38.0523,"LAKE CITY 1 NNE, CO US",0.9999,GHCND:USC00054736,METERS,-107.3037
1464,2585.0,1948-08-01,2026-01-01,38.90706,"LAKE GEORGE 8 SW, CO US",0.8774,GHCND:USC00054742,METERS,-105.47195
1465,1715.4,1962-08-01,2025-03-01,39.7488,"LAKEWOOD, CO US",0.9947,GHCND:USC00054762,METERS,-105.1205
1466,1105.5,1893-01-01,2025-12-01,38.0936,"LAMAR, CO US",0.9712,GHCND:USC00054770,METERS,-102.6306
1467,1185.7,1893-01-01,2026-01-01,38.0635,"LAS ANIMAS, CO US",0.9706,GHCND:USC00054834,METERS,-103.2152
1468,2471.9,1982-04-01,2025-12-01,37.37878,"LEMON DAM, CO US",0.9961,GHCND:USC00054934,METERS,-107.65943
1469,1359.7,1893-01-01,2026-01-01,40.51485,"LEROY 5 WSW, CO US",0.9938,GHCND:USC00054945,METERS,-102.99077
1470,1698.3,1956-01-01,2026-01-01,38.9496,"LIMON ATWATER RANCH, CO US",0.4126,GHCND:USC00055020,METERS,-103.7695
1471,1478.6,1988-12-01,2026-01-01,39.7554,"LINDON 5 WNW, CO US",0.982,GHCND:USC00055025,METERS,-103.49859
1472,1508.8,1893-01-01,2026-01-01,40.16958,"LONGMONT 2 ESE, CO US",0.7946,GHCND:USC00055116,METERS,-105.0774
1473,1534.1,1989-09-01,2026-01-01,40.43475,"LOVELAND 2 N, CO US",0.9496,GHCND:USC00055236,METERS,-105.0849
1474,2345.4,1893-01-01,2026-01-01,37.1712,"MANASSA, CO US",0.8184,GHCND:USC00055322,METERS,-105.94013
1475,2102.2,1898-11-01,2025-12-01,37.335,"MANCOS 1 SW, CO US",0.7025,GHCND:USC00055327,METERS,-108.3161
1476,1682.5,1995-03-01,2026-01-01,39.63642,"MARSTON FILTER PLANT, CO US",0.9863,GHCND:USC00055402,METERS,-105.0646
1477,1812.3,1958-06-01,2025-12-01,40.51563,"MAYBELL, CO US",0.8766,GHCND:USC00055446,METERS,-108.09434
1478,1898.6,1893-01-01,2025-04-01,40.0358,"MEEKER, CO US",0.7123,GHCND:USC00055484,METERS,-107.9058
1479,2356.1,2019-06-01,2025-12-01,39.08907,"MESA 5 SSE, CO US",0.9994,GHCND:USC00055519,METERS,-108.11827
1480,2176.9,1922-03-01,2025-12-01,37.1996,"MESA VERDE NATIONAL PARK, CO US",0.9791,GHCND:USC00055531,METERS,-108.4893
1481,2345.4,1893-01-01,2026-01-01,37.58114,"MONTE VISTA 2 W, CO US",0.6162,GHCND:USC00055706,METERS,-106.18656
1482,1764.5,1895-10-01,2025-12-01,38.4858,"MONTROSE NUMBER 2, CO US",0.9712,GHCND:USC00055722,METERS,-107.8791
1483,2079.0,2009-08-01,2022-01-01,39.05639,"MONUMENT 3 S, CO US",0.9464,GHCND:USC00055733,METERS,-104.86839
1484,2013.8,2008-02-01,2025-12-01,38.04875,"BEULAH MPEC, CO US",1.0,GHCND:USC00055795,METERS,-104.99749
1485,1578.9,1987-06-01,2025-12-01,40.9319,"NEW RAYMER 21 N, CO US",0.9653,GHCND:USC00055934,METERS,-103.8678
1486,2036.4,1930-06-01,2026-01-01,37.8123,"NORTHDALE, CO US",0.8606,GHCND:USC00055970,METERS,-109.0132
1487,1636.8,1984-09-01,2026-01-01,39.89901,"NORTHGLENN, CO US",0.9819,GHCND:USC00055984,METERS,-105.01358
1488,2137.0,2009-10-01,2024-10-01,38.1314,"NORWOOD NUMBER 2, CO US",0.7457,GHCND:USC00056013,METERS,-108.285
1489,1325.9,1915-07-01,2026-01-01,38.21342,"ORDWAY 4 W, CO US",0.9351,GHCND:USC00056131,METERS,-103.82108
1490,1388.4,2022-12-01,2026-01-01,38.43681,"ORDWAY 15 N, CO US",0.9988,GHCND:USC00056132,METERS,-103.72238
1491,2352.4,2004-01-01,2026-01-01,38.0263,"OURAY NUMBER 2, CO US",0.9772,GHCND:USC00056205,METERS,-107.6725
1492,1446.3,1911-05-01,2026-01-01,39.11348,"PALISADE, CO US",0.9288,GHCND:USC00056266,METERS,-108.35058
1493,2182.7,1899-08-01,2026-01-01,39.11674,"PALMER LAKE, CO US",0.2319,GHCND:USC00056280,METERS,-104.91198
1494,1660.2,2005-07-01,2024-07-01,38.3897,"PARADOX 2 N, CO US",0.9955,GHCND:USC00056320,METERS,-108.9494
1495,2337.8,2020-09-01,2021-11-01,37.43333,"PIEDRA GUARD STATION, CO US",1.0,GHCND:USC00056456,METERS,-107.18333
1496,2250.3,2008-12-01,2025-12-01,38.0177,"PLACERVILLE, CO US",0.9951,GHCND:USC00056520,METERS,-108.0513
1497,1481.6,1975-07-01,2026-01-01,38.25971,"PUEBLO RESERVOIR, CO US",0.985,GHCND:USC00056765,METERS,-104.71784
1498,1804.1,1978-05-01,2026-01-01,39.82844,"RALSTON RESERVOIR, CO US",0.9911,GHCND:USC00056816,METERS,-105.23513
1499,1608.4,1894-07-01,2026-01-01,40.0889,"RANGELY 1 E, CO US",0.6536,GHCND:USC00056832,METERS,-108.7727
1500,2148.5,1982-05-01,2025-12-01,38.1499,"RIDGWAY, CO US",0.9655,GHCND:USC00057020,METERS,-107.7583
1501,1667.0,2004-02-01,2026-01-01,39.5572,"RIFLE 3 ENE, CO US",0.9999,GHCND:USC00057033,METERS,-107.7261
1502,2893.2,1977-09-01,2025-12-01,37.722,"RIO GRANDE RESERVOIR, CO US",0.8259,GHCND:USC00057050,METERS,-107.2667
1503,1271.0,1893-01-01,2025-12-01,38.03846,"ROCKY FORD 2 SE, CO US",0.985,GHCND:USC00057167,METERS,-103.69477
1504,2667.0,2017-01-01,2022-09-01,38.09353,"ROSITA, CO US",0.8556,GHCND:USC00057200,METERS,-105.34857
1505,1889.8,1995-08-01,2025-03-01,39.42995,"ROXBOROUGH STATE PARK, CO US",0.8989,GHCND:USC00057249,METERS,-105.0695
1506,2346.0,1993-04-01,2025-12-01,40.70082,"RUSTIC 9 WSW, CO US",0.9872,GHCND:USC00057296,METERS,-105.71193
1507,2761.5,1959-09-01,2026-01-01,38.8416,"RUXTON PARK, CO US",0.9861,GHCND:USC00057309,METERS,-104.9742
1508,2176.6,1997-02-01,2026-01-01,37.9137,"RYE 1 SW, CO US",0.9943,GHCND:USC00057317,METERS,-104.9484
1509,2359.5,1894-04-01,2025-12-01,38.09208,"SAGUACHE, CO US",0.8204,GHCND:USC00057337,METERS,-106.15122
1510,2958.1,2007-06-01,2025-12-01,37.82269,"SANTA MARIA RESERVOIR, CO US",0.9998,GHCND:USC00057450,METERS,-107.10973
1511,2582.0,1899-08-01,2025-12-01,38.40372,"SARGENTS, CO US",0.5293,GHCND:USC00057460,METERS,-106.42398
1512,1831.5,1956-06-01,2025-12-01,39.3857,"SEDALIA 4 SSE, CO US",0.9245,GHCND:USC00057510,METERS,-104.94508
1513,1218.0,1958-11-01,2026-01-01,40.86568,"SEDGWICK 5 S, CO US",0.995,GHCND:USC00057515,METERS,-102.51615
1514,1434.4,1949-05-01,2024-09-01,39.29505,"SEIBERT, CO US",0.2774,GHCND:USC00057519,METERS,-102.86765
1515,1240.5,2000-01-01,2025-12-01,38.46846,"SHERIDAN LAKE, CO US",0.5224,GHCND:USC00057582,METERS,-102.29675
1516,1231.1,2009-03-01,2021-02-01,38.4683,"SHERIDAN LAKE 4 E, CO US",0.9444,GHCND:USC00057586,METERS,-102.217
1517,1826.4,1910-01-01,2025-12-01,39.5703,"SHOSHONE, CO US",0.8563,GHCND:USC00057618,METERS,-107.2267
1518,2830.1,1899-03-01,2025-12-01,37.8088,"SILVERTON, CO US",0.8857,GHCND:USC00057656,METERS,-107.6633
1519,2092.8,1893-02-01,2025-12-01,40.4883,"STEAMBOAT SPRINGS, CO US",0.8872,GHCND:USC00057936,METERS,-106.8233
1520,1784.6,1984-12-01,2026-01-01,39.43426,"STRONTIA SPRINGS DAM, CO US",0.9959,GHCND:USC00058022,METERS,-105.12116
1521,2968.1,1900-06-01,2025-12-01,39.2495,"SUGARLOAF RESERVOIR, CO US",0.6018,GHCND:USC00058064,METERS,-106.3713
1522,1487.7,1955-10-01,2026-01-01,38.34206,"TACONY 13 SE, CO US",0.9549,GHCND:USC00058157,METERS,-104.0566
1523,2797.8,1940-11-01,2026-01-01,38.8183,"TAYLOR PARK, CO US",0.9736,GHCND:USC00058184,METERS,-106.6086
1524,2635.3,1900-12-01,2025-06-01,37.9493,"TELLURIDE 4 WNW, CO US",0.891,GHCND:USC00058204,METERS,-107.8736
1525,1197.3,2015-11-01,2025-12-01,38.4702,"TOWNER, CO US",0.9753,GHCND:USC00058345,METERS,-102.0829
1526,1837.9,1898-07-01,2025-12-01,37.1787,"TRINIDAD, CO US",0.917,GHCND:USC00058429,METERS,-104.487
1527,1923.3,1989-02-01,2026-01-01,37.1502,"TRINIDAD LAKE, CO US",0.9955,GHCND:USC00058436,METERS,-104.5568
1528,2815.1,1949-09-01,2025-12-01,39.09419,"TWIN LAKES RESERVOIR, CO US",0.9116,GHCND:USC00058501,METERS,-106.35064
1529,2528.9,1985-02-01,2025-12-01,39.63949,"VAIL, CO US",0.9267,GHCND:USC00058575,METERS,-106.35395
1530,2329.9,1917-04-01,2025-12-01,37.3805,"VALLECITO DAM, CO US",0.7639,GHCND:USC00058582,METERS,-107.5812
1531,2338.7,2024-01-01,2024-04-01,37.38333,"VALLECITO RESERVOIR, CO US",1.0,GHCND:USC00058590,METERS,-107.58333
1532,1164.6,2006-01-01,2026-01-01,39.97694,"VERNON 4 ENE, CO US",0.9294,GHCND:USC00058613,METERS,-102.25178
1533,2140.9,1995-12-01,2026-01-01,40.9652,"VIRGINIA DALE 7 ENE, CO US",0.9971,GHCND:USC00058690,METERS,-105.2185
1534,2456.1,1897-01-01,2026-01-01,40.7404,"WALDEN, CO US",0.7218,GHCND:USC00058756,METERS,-106.28176
1535,1917.5,1934-04-01,2026-01-01,37.63,"WALSENBURG 1 NW, CO US",0.9673,GHCND:USC00058781,METERS,-104.79556
1536,1212.5,1940-12-01,2026-01-01,37.3822,"WALSH 1 W, CO US",0.6937,GHCND:USC00058793,METERS,-102.2986
1537,1594.1,1902-01-01,2026-01-01,40.42594,"WATERDALE, CO US",0.9557,GHCND:USC00058839,METERS,-105.2085
1538,2317.1,2004-04-01,2026-01-01,37.42914,"WAVERLY 1 W, CO US",0.996,GHCND:USC00058860,METERS,-106.03076
1539,2399.7,1895-07-01,2026-01-01,38.13137,"WESTCLIFFE, CO US",0.8915,GHCND:USC00058931,METERS,-105.466
1540,1418.2,2011-11-01,2026-01-01,38.2798,"WEATHER FORECAST OFFICE PUEBLO, CO US",0.9121,GHCND:USC00058992,METERS,-104.5215
1541,1644.4,1981-02-01,2026-01-01,39.77382,"WHEAT RIDGE 2, CO US",0.9722,GHCND:USC00058995,METERS,-105.11424
1542,2328.4,1982-06-01,2026-01-01,40.03719,"WILLIAMS FORK DAM, CO US",0.9942,GHCND:USC00059096,METERS,-106.20523
1543,2780.7,1942-03-01,2026-01-01,39.88767,"WINTER PARK, CO US",0.9741,GHCND:USC00059175,METERS,-105.76126
1544,1335.0,1993-06-01,2026-01-01,40.07495,"WOODROW 6 NNE, CO US",0.9999,GHCND:USC00059213,METERS,-103.56772
1545,1083.0,1893-04-01,2021-09-01,40.08201,"WRAY, CO US",0.8963,GHCND:USC00059243,METERS,-102.20699
1546,2394.2,1909-03-01,2024-08-01,40.15629,"YAMPA, CO US",0.7604,GHCND:USC00059265,METERS,-106.91103
1547,2113.2,1962-05-01,2025-12-01,37.5217,"YELLOW JACKET 2 W, CO US",0.7735,GHCND:USC00059275,METERS,-108.75511
1548,1260.0,1893-01-01,2024-06-01,40.12367,"YUMA, CO US",0.9088,GHCND:USC00059295,METERS,-102.72171
1549,1277.7,1989-05-01,2025-08-01,40.20965,"YUMA 10 NW, CO US",0.9839,GHCND:USC00059297,METERS,-102.812
1550,2420.1,1995-04-01,2026-01-01,39.3794,"BAILEY COLORADO, CO US",0.8998,GHCND:USR0000CBAI,METERS,-105.3394
1551,2052.2,2001-06-01,2026-01-01,40.0181,"SUGARLOAF COLORADO, CO US",0.9897,GHCND:USR0000CBDR,METERS,-105.3614
1552,2540.2,1993-06-01,2026-01-01,37.0203,"BIG HORN COLORADO, CO US",0.9693,GHCND:USR0000CBIG,METERS,-106.2006
1553,2609.1,1997-06-01,2026-01-01,38.5428,"BLACK CANYON COLORADO, CO US",0.9999,GHCND:USR0000CBLA,METERS,-107.6869
1554,2737.7,2003-08-01,2026-01-01,37.8617,"BLACK MOUNTAIN COLORADO, CO US",0.9924,GHCND:USR0000CBLK,METERS,-105.2842
1555,3139.4,1992-11-01,2026-01-01,37.7978,"BLUE PARK COLORADO, CO US",0.995,GHCND:USR0000CBLU,METERS,-106.7792
1556,1886.7,2002-12-01,2026-01-01,37.9478,"COLORADO CITY COLORADO, CO US",0.9819,GHCND:USR0000CCCI,METERS,-104.8692
1557,2286.0,1987-03-01,2026-01-01,39.1814,"CHEESEMAN COLORADO, CO US",0.9848,GHCND:USR0000CCHE,METERS,-105.2672
1558,1885.8,1999-10-01,2026-01-01,37.1994,"CHAPIN COLORADO, CO US",0.9429,GHCND:USR0000CCHN,METERS,-108.4892
1559,2502.4,2001-05-01,2026-01-01,39.64,"CORRAL CREEK COLORADO, CO US",0.9964,GHCND:USR0000CCOC,METERS,-105.4647
1560,2365.2,1991-06-01,2026-01-01,38.3139,"COPPER GULCH COLORADO, CO US",0.9926,GHCND:USR0000CCOP,METERS,-105.4844
1561,2200.7,1991-06-01,2026-01-01,38.5731,"COTTONWOOD BASIN COLORADO, CO US",0.9878,GHCND:USR0000CCOT,METERS,-108.2778
1562,2465.2,1999-01-01,2026-01-01,38.4594,"CARPENTER RIDGE COLORADO, CO US",0.923,GHCND:USR0000CCPT,METERS,-109.0469
1563,2530.8,1991-06-01,2026-01-01,39.3528,"THE CROWN COLORADO, CO US",0.9878,GHCND:USR0000CCRO,METERS,-107.0931
1564,2533.8,2000-05-01,2026-01-01,37.0969,"CUCHARA COLORADO, CO US",0.9998,GHCND:USR0000CCUC,METERS,-104.9214
1565,2731.0,1985-02-01,2026-01-01,40.0786,"DEAD HORSE COLORADO, CO US",0.8557,GHCND:USR0000CDEA,METERS,-107.3786
1566,2181.5,1995-12-01,2026-01-01,39.46,"DEMAREE COLORADO, CO US",0.9916,GHCND:USR0000CDEM,METERS,-108.88
1567,2243.3,1989-09-01,2026-01-01,37.2269,"DEVIL MOUNTAIN COLORADO, CO US",0.9748,GHCND:USR0000CDEV,METERS,-107.3047
1568,1816.6,1998-08-01,2026-01-01,40.5086,"DINOSAUR N.M. COLORADO, CO US",0.9968,GHCND:USR0000CDIN,METERS,-108.9106
1569,2742.6,1985-07-01,2026-01-01,39.6269,"DOWD JUNCTION COLORADO, CO US",0.9629,GHCND:USR0000CDOW,METERS,-106.4517
1570,1920.2,1998-08-01,2026-01-01,39.9153,"DRAGON ROAD COLORADO, CO US",0.9998,GHCND:USR0000CDRA,METERS,-108.8875
1571,2535.9,1985-06-01,2026-01-01,40.535,"DRY LAKE COLORADO, CO US",0.9548,GHCND:USR0000CDRY,METERS,-106.7808
1572,2383.5,2001-04-01,2026-01-01,40.3667,"ESTES PARK COLORADO, CO US",0.9931,GHCND:USR0000CEST,METERS,-105.55
1573,2042.2,1994-03-01,2026-01-01,38.6586,"FORT CARSON COLORADO, CO US",0.9841,GHCND:USR0000CFTC,METERS,-104.8539
1574,2194.6,1991-06-01,2026-01-01,40.7578,"GREAT DIVIDE COLORADO, CO US",0.9878,GHCND:USR0000CGRE,METERS,-107.8533
1575,2566.4,1987-11-01,2026-01-01,40.2092,"GUNSIGHT COLORADO, CO US",0.9738,GHCND:USR0000CGUN,METERS,-106.3292
1576,2237.2,1991-06-01,2026-01-01,39.6953,"GYPSUM COLORADO, CO US",0.9854,GHCND:USR0000CGYP,METERS,-106.9731
1577,2865.1,1991-06-01,2026-01-01,38.3319,"HUNTSMAN MESA COLORADO, CO US",0.9806,GHCND:USR0000CHUM,METERS,-107.0889
1578,2231.1,1984-08-01,2026-01-01,39.7667,"HUNTER CREEK COLORADO, CO US",0.9899,GHCND:USR0000CHUN,METERS,-108.3167
1579,2334.8,1991-06-01,2026-01-01,38.7533,"JACKS CANYON COLORADO, CO US",0.9926,GHCND:USR0000CJAC,METERS,-108.5797
1580,1889.8,1984-08-01,2026-01-01,38.8417,"JAY COLORADO, CO US",0.9437,GHCND:USR0000CJAY,METERS,-107.7361
1581,1798.3,1987-06-01,2026-01-01,40.7392,"LADORE COLORADO, CO US",0.9503,GHCND:USR0000CLAD,METERS,-108.8347
1582,2281.4,1991-06-01,2026-01-01,38.9772,"LAKE GEORGE COLORADO, CO US",0.9926,GHCND:USR0000CLGE,METERS,-105.3553
1583,2071.4,1995-12-01,2026-01-01,38.9692,"LITTLE DELORES COLORADO, CO US",0.8203,GHCND:USR0000CLIT,METERS,-108.9444
1584,2514.6,2001-09-01,2026-01-01,37.3517,"LOGCHUTE COLORADO, CO US",0.7644,GHCND:USR0000CLOG,METERS,-107.915
1585,3399.7,1994-10-01,2026-01-01,38.2544,"LUJAN COLORADO, CO US",0.9759,GHCND:USR0000CLUJ,METERS,-106.5678
1586,2249.4,1993-12-01,2026-01-01,37.055,"MESA MOUNTAIN COLORADO, CO US",0.9844,GHCND:USR0000CMES,METERS,-107.7069
1587,2383.5,1999-12-01,2026-01-01,37.3006,"MOREFIELD COLORADO, CO US",0.9998,GHCND:USR0000CMRF,METERS,-108.4133
1588,2712.7,2002-10-01,2026-01-01,38.3894,"NEEDLE CREEK COLORADO, CO US",0.9641,GHCND:USR0000CNEE,METERS,-106.5303
1589,1786.1,1998-06-01,2026-01-01,38.2297,"NUCLA COLORADO, CO US",0.9968,GHCND:USR0000CNUC,METERS,-108.5583
1590,2859.0,2000-06-01,2026-01-01,39.8744,"PICKLE GULCH COLORADO, CO US",0.9479,GHCND:USR0000CPCG,METERS,-105.5164
1591,1633.7,1997-09-01,2026-01-01,37.9056,"PINION CANYON COLORADO, CO US",0.9941,GHCND:USR0000CPCY,METERS,-104.0556
1592,2115.3,1989-02-01,2026-01-01,40.0097,"PINTO COLORADO, CO US",0.9955,GHCND:USR0000CPIN,METERS,-108.4597
1593,2011.7,1988-09-01,2026-01-01,39.2603,"PINE RIDGE COLORADO, CO US",0.9732,GHCND:USR0000CPNR,METERS,-108.4072
1594,2712.7,1985-07-01,2026-01-01,40.0978,"PORCUPINE CREEK COLORADO, CO US",0.9691,GHCND:USR0000CPOR,METERS,-106.6464
1595,1853.8,2003-03-01,2026-01-01,40.5708,"REDSTONE COLORADO, CO US",0.9815,GHCND:USR0000CRDS,METERS,-105.2264
1596,2682.2,1985-02-01,2026-01-01,38.8272,"RED DEER COLORADO, CO US",0.9573,GHCND:USR0000CRED,METERS,-106.2111
1597,2499.4,1985-06-01,2026-01-01,40.7981,"RED FEATHER COLORADO, CO US",0.9835,GHCND:USR0000CREF,METERS,-105.5722
1598,1865.4,1984-08-01,2026-01-01,39.5122,"RIFLE COLORADO, CO US",0.9899,GHCND:USR0000CRIF,METERS,-107.7492
1599,2484.1,1990-05-01,2026-01-01,37.6511,"SALTER COLORADO, CO US",0.9416,GHCND:USR0000CSAL,METERS,-108.5364
1600,2417.1,1985-07-01,2026-01-01,38.1917,"SANBORN PARK COLORADO, CO US",0.9896,GHCND:USR0000CSAN,METERS,-108.2167
1601,2680.1,1995-04-01,2023-08-01,39.5625,"STORM KING MOUNTAIN COLORADO, CO US",0.9501,GHCND:USR0000CSKU,METERS,-107.42
1602,2621.3,2003-03-01,2026-01-01,40.2708,"HARBISON MEADOW COLORADO, CO US",0.9415,GHCND:USR0000CSLP,METERS,-105.8328
1603,2926.1,1986-10-01,2026-01-01,39.56,"SODA CREEK COLORADO, CO US",0.9575,GHCND:USR0000CSOD,METERS,-105.9864
1604,3173.0,1987-11-01,2026-01-01,38.9078,"TAYLOR PARK COLORADO, CO US",0.989,GHCND:USR0000CTAY,METERS,-106.6017
1605,2804.2,1989-12-01,2026-01-01,38.0039,"WILLIS CREEK COLORADO, CO US",0.993,GHCND:USR0000CWSC,METERS,-105.0564
1606,2962.7,1985-07-01,2026-01-01,40.3517,"WILLOW CREEK COLORADO, CO US",0.9383,GHCND:USR0000CWWC,METERS,-106.2153
1607,2752.3,1980-10-01,2026-01-01,40.4,"PHANTOM VALLEY, CO US",0.9981,GHCND:USS0005J04S,METERS,-105.85
1608,2913.9,2005-10-01,2025-12-01,40.2,"WILD BASIN, CO US",0.9999,GHCND:USS0005J05S,METERS,-105.6
1609,3115.1,1978-10-01,2026-01-01,40.81,"DEADMAN HILL, CO US",0.9946,GHCND:USS0005J06S,METERS,-105.77
1610,3139.4,1978-11-01,2026-01-01,40.03,"UNIVERSITY CAMP, CO US",0.9911,GHCND:USS0005J08S,METERS,-105.58
1611,3261.4,1978-10-01,2026-01-01,40.41,"LAKE IRENE, CO US",0.9911,GHCND:USS0005J10S,METERS,-105.82
1612,2859.0,2008-10-01,2026-01-01,40.58,"HOURGLASS LAKE, CO US",0.9998,GHCND:USS0005J11S,METERS,-105.63
1613,2657.9,1985-10-01,2026-01-01,40.23,"STILLWATER CREEK, CO US",0.9937,GHCND:USS0005J12S,METERS,-105.92
1614,2621.3,1980-10-01,2026-01-01,40.21,"COPELAND LAKE, CO US",0.976,GHCND:USS0005J18S,METERS,-105.57
1615,3041.9,2009-09-01,2026-01-01,40.51,"LONG DRAW RESV, CO US",0.9999,GHCND:USS0005J27S,METERS,-105.77
1616,2718.8,2010-10-01,2026-01-01,40.89,"BLACK MOUNTAIN, CO US",0.9997,GHCND:USS0005J28S,METERS,-105.66
1617,3084.6,1978-10-01,2026-01-01,40.53,"JOE WRIGHT, CO US",0.9999,GHCND:USS0005J37S,METERS,-105.89
1618,2895.6,1980-10-01,2026-01-01,40.31,"BEAR LAKE, CO US",0.9999,GHCND:USS0005J39S,METERS,-105.64
1619,3261.4,1980-07-01,2026-01-01,40.43,"WILLOW PARK, CO US",0.9999,GHCND:USS0005J40S,METERS,-105.73
1620,2956.6,1978-10-01,2026-01-01,39.94,"LAKE ELDORA, CO US",0.9999,GHCND:USS0005J41S,METERS,-105.59
1621,3020.6,1980-10-01,2026-01-01,40.04,"NIWOT, CO US",0.9963,GHCND:USS0005J42S,METERS,-105.54
1622,2932.2,2014-10-01,2026-01-01,40.14,"SAWTOOTH, CO US",0.9923,GHCND:USS0005J45S,METERS,-105.59
1623,3237.0,2013-09-01,2026-01-01,40.04,"HIGH LONESOME, CO US",0.9998,GHCND:USS0005J46S,METERS,-105.75
1624,3474.7,1992-09-01,2026-01-01,39.67,"LOVELAND BASIN, CO US",0.9974,GHCND:USS0005K05S,METERS,-105.9
1625,3383.3,1980-09-01,2026-01-01,39.65,"GRIZZLY PEAK, CO US",1.0,GHCND:USS0005K09S,METERS,-105.87
1626,3444.2,1978-10-01,2026-01-01,39.8,"BERTHOUD SUMMIT, CO US",0.9999,GHCND:USS0005K14S,METERS,-105.78
1627,3169.9,1999-10-01,2026-01-01,39.76,"JONES PASS, CO US",0.9998,GHCND:USS0005K21S,METERS,-105.91
1628,3340.6,1998-10-01,2026-01-01,39.57,"JACKWHACKER GULCH, CO US",0.9998,GHCND:USS0005K26S,METERS,-105.8
1629,3230.9,1998-10-01,2026-01-01,39.66,"ECHO LAKE, CO US",0.9968,GHCND:USS0005K27S,METERS,-105.59
1630,3230.9,1998-09-01,2026-01-01,39.44,"MICHIGAN CREEK, CO US",0.9938,GHCND:USS0005K28S,METERS,-105.91
1631,3398.5,2011-10-01,2026-01-01,39.87,"FOOL CREEK, CO US",0.9997,GHCND:USS0005K30S,METERS,-105.87
1632,3493.0,2004-08-01,2026-01-01,38.88,"GLEN COVE, CO US",0.9883,GHCND:USS0005L11S,METERS,-105.07
1633,3267.5,2007-10-01,2026-01-01,38.29,"HAYDEN PASS, CO US",0.9997,GHCND:USS0005L12S,METERS,-105.85
1634,3200.4,1979-10-01,2026-01-01,37.21,"CULEBRA NUMBER 2, CO US",0.9999,GHCND:USS0005M03S,METERS,-105.2
1635,3048.0,1980-07-01,2026-01-01,37.33,"APISHAPA, CO US",0.9908,GHCND:USS0005M07S,METERS,-105.07
1636,3310.1,1989-10-01,2026-01-01,37.35,"TRINCHERA, CO US",0.9999,GHCND:USS0005M08S,METERS,-105.23
1637,3291.8,1991-10-01,2026-01-01,37.97,"SOUTH COLONY, CO US",0.995,GHCND:USS0005M13S,METERS,-105.54
1638,3115.1,1980-10-01,2026-01-01,37.21,"WHISKEY CK, CO US",0.9963,GHCND:USS0005M14S,METERS,-105.12
1639,2941.0,1995-10-01,2026-01-01,37.85,"MEDANO PASS, CO US",0.9998,GHCND:USS0005M16S,METERS,-105.44
1640,3246.1,2000-10-01,2026-01-01,37.61,"UTE CREEK, CO US",0.9999,GHCND:USS0005M17S,METERS,-105.37
1641,2728.0,1986-10-01,2026-01-01,41.0,"WHISKEY PARK, CO US",0.9999,GHCND:USS0006H22S,METERS,-106.91
1642,2560.3,1980-10-01,2026-01-01,40.53,"DRY LAKE, CO US",0.9999,GHCND:USS0006J01S,METERS,-106.78
1643,2792.0,1979-10-01,2026-01-01,40.39,"COLUMBINE, CO US",0.9765,GHCND:USS0006J03S,METERS,-106.6
1644,2907.8,1978-10-01,2026-01-01,40.35,"WILLOW CREEK PASS, CO US",0.9999,GHCND:USS0006J05S,METERS,-106.09
1645,2706.6,1980-10-01,2026-01-01,40.08,"LYNX PASS, CO US",0.9999,GHCND:USS0006J06S,METERS,-106.67
1646,3340.6,2002-09-01,2026-01-01,40.35,"ARAPAHO RIDGE, CO US",0.9963,GHCND:USS0006J08S,METERS,-106.38
1647,2865.1,1986-10-01,2026-01-01,40.37,"RABBIT EARS, CO US",0.9999,GHCND:USS0006J09S,METERS,-106.74
1648,2956.6,1980-10-01,2026-01-01,40.88,"ROACH, CO US",0.9999,GHCND:USS0006J12S,METERS,-106.05
1649,2651.8,1978-10-01,2026-01-01,40.85,"ELK RIVER, CO US",0.9999,GHCND:USS0006J15S,METERS,-106.97
1650,2816.4,1995-10-01,2026-01-01,40.23,"BUFFALO PARK, CO US",0.9998,GHCND:USS0006J18S,METERS,-106.6
1651,2846.8,2002-09-01,2026-01-01,40.79,"ZIRKEL, CO US",0.9892,GHCND:USS0006J19S,METERS,-106.6
1652,2749.3,2002-10-01,2026-01-01,40.71,"RAWAH, CO US",0.9963,GHCND:USS0006J20S,METERS,-106.01
1653,3133.3,2002-10-01,2026-01-01,40.4,"NEVER SUMMER, CO US",0.9998,GHCND:USS0006J27S,METERS,-105.96
1654,3200.4,1979-10-01,2026-01-01,40.54,"TOWER, CO US",0.9963,GHCND:USS0006J29S,METERS,-106.68
1655,2840.7,1998-10-01,2026-01-01,40.82,"LOST DOG, CO US",0.9998,GHCND:USS0006J38S,METERS,-106.75
1656,3474.7,1980-09-01,2026-01-01,39.36,"HOOSIER PASS, CO US",1.0,GHCND:USS0006K01S,METERS,-106.06
1657,3230.9,1980-10-01,2026-01-01,39.08,"INDEPENDENCE PASS, CO US",0.9999,GHCND:USS0006K04S,METERS,-106.61
1658,2651.8,1985-10-01,2026-01-01,39.3,"NAST LAKE, CO US",0.9999,GHCND:USS0006K06S,METERS,-106.61
1659,3474.7,1980-08-01,2026-01-01,39.38,"FREMONT PASS, CO US",0.9999,GHCND:USS0006K08S,METERS,-106.2
1660,3169.9,1991-10-01,2026-01-01,39.29,"IVANHOE, CO US",0.995,GHCND:USS0006K10S,METERS,-106.55
1661,2724.9,2001-10-01,2026-01-01,39.8,"MIDDLE FORK CAMP, CO US",0.9999,GHCND:USS0006K12S,METERS,-106.03
1662,2865.1,1980-07-01,2026-01-01,39.72,"SUMMIT RANCH, CO US",0.9908,GHCND:USS0006K14S,METERS,-106.16
1663,3398.5,1999-08-01,2026-01-01,39.3,"BUCKSKIN JOE, CO US",0.9935,GHCND:USS0006K16S,METERS,-106.11
1664,3215.6,1978-10-01,2026-01-01,39.49,"COPPER MOUNTAIN, CO US",0.9982,GHCND:USS0006K24S,METERS,-106.17
1665,3206.5,2009-09-01,2026-01-01,39.86,"ELLIOT RIDGE, CO US",0.9999,GHCND:USS0006K29S,METERS,-106.42
1666,2926.1,1980-09-01,2026-01-01,39.32,"KILN, CO US",1.0,GHCND:USS0006K30S,METERS,-106.61
1667,3139.4,1978-10-01,2026-01-01,39.62,"VAIL MOUNTAIN, CO US",0.9999,GHCND:USS0006K39S,METERS,-106.38
1668,3230.9,1980-09-01,2026-01-01,39.09,"BRUMLEY, CO US",0.9651,GHCND:USS0006K40S,METERS,-106.54
1669,3157.7,1998-09-01,2026-01-01,39.03,"ROUGH AND TUMBLE, CO US",0.9999,GHCND:USS0006K43S,METERS,-106.08
1670,2889.5,2002-12-01,2026-01-01,39.6,"MCCOY PARK, CO US",0.9998,GHCND:USS0006K44S,METERS,-106.54
1671,2590.8,2003-08-01,2026-01-01,39.6,"BEAVER CK VILLAGE, CO US",0.9924,GHCND:USS0006K45S,METERS,-106.51
1672,3081.5,2007-10-01,2026-01-01,39.26,"CHAPMAN TUNNEL, CO US",0.9997,GHCND:USS0006K46S,METERS,-106.63
1673,2926.1,1980-08-01,2026-01-01,38.82,"PARK CONE, CO US",0.9999,GHCND:USS0006L02S,METERS,-106.59
1674,3279.6,1978-10-01,2026-01-01,38.49,"PORPHYRY CREEK, CO US",0.9999,GHCND:USS0006L03S,METERS,-106.34
1675,3212.6,2007-10-01,2026-01-01,38.7,"SAINT ELMO, CO US",0.9952,GHCND:USS0006L05S,METERS,-106.37
1676,3054.1,2004-10-01,2026-01-01,38.16,"COCHETOPA PASS, CO US",0.9999,GHCND:USS0006L06S,METERS,-106.6
1677,3096.8,1980-10-01,2026-01-01,38.89,"BUTTE, CO US",0.9963,GHCND:USS0006L11S,METERS,-106.95
1678,3514.3,2008-10-01,2026-01-01,38.29,"SARGENTS MESA, CO US",0.9998,GHCND:USS0006L13S,METERS,-106.37
1679,3243.1,2009-09-01,2026-01-01,38.99,"UPPER TAYLOR, CO US",0.9948,GHCND:USS0006L14S,METERS,-106.75
1680,3109.0,1978-10-01,2026-01-01,37.49,"UPPER SAN JUAN, CO US",0.9964,GHCND:USS0006M03S,METERS,-106.84
1681,3352.8,1986-09-01,2026-01-01,37.48,"WOLF CREEK SUMMIT, CO US",0.9978,GHCND:USS0006M17S,METERS,-106.8
1682,3541.8,2004-10-01,2026-01-01,37.47,"GRAYBACK, CO US",0.9647,GHCND:USS0006M21S,METERS,-106.54
1683,3060.2,1980-08-01,2026-01-01,37.02,"CUMBRES TRESTLE, CO US",0.9999,GHCND:USS0006M22S,METERS,-106.45
1684,3352.8,1980-08-01,2026-01-01,37.38,"LILY POND, CO US",0.9999,GHCND:USS0006M23S,METERS,-106.55
1685,3395.5,2008-10-01,2026-01-01,37.97,"MOON PASS, CO US",0.9998,GHCND:USS0006M26S,METERS,-106.56
1686,2767.6,2004-10-01,2026-01-01,40.06,"BEAR RIVER, CO US",0.9999,GHCND:USS0007J03S,METERS,-107.01
1687,2773.7,1986-10-01,2026-01-01,40.17,"CROSHO, CO US",0.9957,GHCND:USS0007J04S,METERS,-107.06
1688,3151.6,1986-10-01,2026-01-01,40.11,"RIPPLE CREEK, CO US",0.9999,GHCND:USS0007J05S,METERS,-107.29
1689,2804.2,1985-10-01,2026-01-01,39.08,"NORTH LOST TRAIL, CO US",0.9999,GHCND:USS0007K01S,METERS,-107.14
1690,2865.1,1978-11-01,2026-01-01,39.88,"BURRO MOUNTAIN, CO US",0.9735,GHCND:USS0007K02S,METERS,-107.6
1691,3035.8,1978-10-01,2026-01-01,39.05,"PARK RESERVOIR, CO US",0.9946,GHCND:USS0007K06S,METERS,-107.87
1692,2895.6,1980-08-01,2026-01-01,39.13,"MC CLURE PASS, CO US",0.9999,GHCND:USS0007K09S,METERS,-107.29
1693,3261.4,1985-10-01,2026-01-01,39.02,"SCHOFIELD PASS, CO US",0.9999,GHCND:USS0007K11S,METERS,-107.05
1694,3316.2,1985-10-01,2026-01-01,39.76,"BISON LAKE, CO US",0.9999,GHCND:USS0007K12S,METERS,-107.36
1695,2956.6,1985-10-01,2026-01-01,40.0,"TRAPPER LAKE, CO US",0.9978,GHCND:USS0007K13S,METERS,-107.24
1696,2999.2,1989-10-01,2026-01-01,39.09,"OVERLAND RES., CO US",0.9999,GHCND:USS0007K14S,METERS,-107.63
1697,2706.6,1978-10-01,2022-09-01,37.65,"CASCADE, CO US",0.9943,GHCND:USS0007M05S,METERS,-107.81
1698,3249.2,1986-10-01,2026-01-01,37.7,"SPUD MOUNTAIN, CO US",0.9977,GHCND:USS0007M11S,METERS,-107.78
1699,3200.4,1986-09-01,2026-01-01,37.75,"MOLAS LAKE, CO US",0.9999,GHCND:USS0007M12S,METERS,-107.69
1700,3060.2,1979-10-01,2026-01-01,37.85,"MINERAL CREEK, CO US",0.9981,GHCND:USS0007M14S,METERS,-107.73
1701,2865.1,1986-10-01,2026-01-01,37.72,"UPPER RIO GRANDE, CO US",0.9978,GHCND:USS0007M16S,METERS,-107.26
1702,3429.0,1980-08-01,2026-01-01,37.62,"MIDDLE CREEK, CO US",0.9999,GHCND:USS0007M21S,METERS,-107.03
1703,2987.0,1980-08-01,2026-01-01,37.93,"IDARADO, CO US",0.9999,GHCND:USS0007M27S,METERS,-107.68
1704,3109.0,1980-08-01,2026-01-01,37.8,"LIZARD HEAD PASS, CO US",0.9999,GHCND:USS0007M29S,METERS,-107.92
1705,3486.9,1980-09-01,2026-01-01,37.99,"SLUMGULLION, CO US",0.9835,GHCND:USS0007M30S,METERS,-107.2
1706,3316.2,1986-09-01,2026-01-01,37.49,"VALLECITO, CO US",0.9957,GHCND:USS0007M31S,METERS,-107.51
1707,3535.7,1982-10-01,2026-01-01,37.71,"BEARTOWN, CO US",0.9999,GHCND:USS0007M32S,METERS,-107.51
1708,3413.8,1980-10-01,2026-01-01,37.89,"RED MOUNTAIN PASS, CO US",0.976,GHCND:USS0007M33S,METERS,-107.71
1709,3413.8,1986-10-01,2026-01-01,37.48,"STUMP LAKES, CO US",0.9999,GHCND:USS0007M34S,METERS,-107.63
1710,2718.8,1990-10-01,2026-01-01,37.66,"CASCADE NUMBER 2, CO US",0.9999,GHCND:USS0007M35S,METERS,-107.8
1711,3273.6,2010-10-01,2026-01-01,37.52,"WEMINUCHE CREEK, CO US",0.9997,GHCND:USS0007M36S,METERS,-107.32
1712,3383.3,2011-10-01,2026-01-01,37.88,"WAGER GULCH, CO US",0.9997,GHCND:USS0007M37S,METERS,-107.36
1713,3048.0,1986-10-01,2026-01-01,39.06,"MESA LAKES, CO US",0.9957,GHCND:USS0008K04S,METERS,-108.06
1714,2865.1,1986-10-01,2026-01-01,38.42,"COLUMBINE PASS, CO US",0.9999,GHCND:USS0008L02S,METERS,-108.38
1715,3048.0,1994-10-01,2026-01-01,37.43,"MANCOS, CO US",0.9999,GHCND:USS0008M02S,METERS,-108.17
1716,3267.5,2004-11-01,2026-01-01,37.5,"SHARKSTOOTH, CO US",0.9999,GHCND:USS0008M04S,METERS,-108.11
1717,3048.0,1986-09-01,2026-01-01,37.79,"EL DIENTE PEAK, CO US",0.9704,GHCND:USS0008M06S,METERS,-108.02
1718,2926.1,1980-08-01,2026-01-01,37.89,"LONE CONE, CO US",0.9999,GHCND:USS0008M07S,METERS,-108.2
1719,2773.7,1986-09-01,2026-01-01,37.65,"SCOTCH CREEK, CO US",0.9957,GHCND:USS0008M08S,METERS,-108.01
1720,3287.3,1994-10-01,2026-01-01,37.44,"COLUMBUS BASIN, CO US",0.9999,GHCND:USS0008M10S,METERS,-108.02
1721,3529.6,2012-09-01,2026-01-01,37.79,"BLACK MESA, CO US",0.9999,GHCND:USS0008M12S,METERS,-108.18
1722,2486.3,2018-02-01,2026-01-01,40.75,"WALDEN JACKSON CO AIRPORT, CO US",0.75,GHCND:USW00000157,METERS,-106.267
1723,1612.1,2017-10-01,2026-01-01,40.033,"BOULDER MUNICIPAL AIRPORT, CO US",0.9396,GHCND:USW00000160,METERS,-105.217
1724,1124.0,1996-07-01,2026-01-01,38.07177,"LAMAR MUNICIPAL AIRPORT, CO US",0.9829,GHCND:USW00003013,METERS,-102.68747
1725,1684.0,1997-06-01,2026-01-01,39.52791,"RIFLE GARFIELD CO AIRPORT, CO US",0.9911,GHCND:USW00003016,METERS,-107.71965
1726,1647.2,1994-08-01,2026-01-01,39.84657,"DENVER INTERNATIONAL AIRPORT, CO US",0.9655,GHCND:USW00003017,METERS,-104.65623
1727,1278.2,1997-06-01,2026-01-01,39.24148,"BURLINGTON CARSON AIRPORT, CO US",0.994,GHCND:USW00003026,METERS,-102.28192
1728,1337.0,1998-07-01,2026-01-01,37.28346,"SPRINGFIELD COMANCHE NATIONAL GRASSLAND, CO US",0.9786,GHCND:USW00003028,METERS,-102.613784
1729,3680.2,2011-10-01,2025-09-01,39.46667,"RED CLIFF PASS, CO US",0.5059,GHCND:USW00003038,METERS,-106.15
1730,2151.9,2017-10-01,2026-01-01,39.21667,"MONUMENT PASS, CO US",0.9297,GHCND:USW00003040,METERS,-104.63333
1731,2560.9,2004-08-01,2026-01-01,38.544,"MONTROSE 11 ENE, CO US",0.996,GHCND:USW00003060,METERS,-107.6928
1732,2448.8,2005-11-01,2026-01-01,37.2553,"CORTEZ 8 SE, CO US",0.9834,GHCND:USW00003061,METERS,-108.5035
1733,1336.9,2004-08-01,2026-01-01,37.8639,"LA JUNTA 17 WSW, CO US",0.9999,GHCND:USW00003063,METERS,-103.8224
1734,1837.9,2006-05-01,2025-07-01,38.76667,"BULLSEYE AUXILIARY AIRFIELD USAFA, CO US",0.5324,GHCND:USW00003068,METERS,-104.3
1735,1726.1,1961-03-01,2026-01-01,39.71667,"AURORA BUCKLEY FIELD ANGB, CO US",0.1681,GHCND:USW00023036,METERS,-104.75
1736,2297.4,1948-01-01,2026-01-01,37.43931,"ALAMOSA BERGMAN FIELD, CO US",1.0,GHCND:USW00023061,METERS,-105.8618
1737,1610.6,1948-01-01,2025-12-01,39.76746,"DENVER CENTRAL PARK, CO US",0.9989,GHCND:USW00023062,METERS,-104.86948
1738,1980.3,1904-07-01,2026-01-01,39.65,"EAGLE CO AIRPORT, CO US",0.4798,GHCND:USW00023063,METERS,-106.91667
1739,1470.4,1900-01-01,2026-01-01,39.13437,"GRAND JUNCTION WALKER FIELD, CO US",0.9993,GHCND:USW00023066,METERS,-108.54081
1740,1278.7,1945-04-01,2026-01-01,38.04948,"LA JUNTA MUNICIPAL AIRPORT, CO US",0.9876,GHCND:USW00023067,METERS,-103.51335
1741,1749.2,1948-01-01,2026-01-01,37.26217,"TRINIDAD AIRPORT, CO US",0.9978,GHCND:USW00023070,METERS,-104.33185
1742,1428.0,1937-03-01,2026-01-01,40.174306,"AKRON WASHINGTON CO AIRPORT, CO US",0.9906,GHCND:USW00024015,METERS,-103.214588
1743,1884.9,1996-09-01,2026-01-01,40.49296,"CRAIG MOFFAT CO AIRPORT, CO US",0.9546,GHCND:USW00024046,METERS,-107.52399
1744,1431.6,2011-10-01,2026-01-01,40.43556,"GREELEY WELD CO AIRPORT, CO US",0.6103,GHCND:USW00024051,METERS,-104.63194
1745,2020.6,1996-07-01,2026-01-01,37.1431,"DURANGO LA PLATA CO AIRPORT, CO US",0.9914,GHCND:USW00093005,METERS,-107.76023
1746,3030.6,1948-08-01,2026-01-01,39.22803,"LEADVILLE LAKE CO AIRPORT, CO US",0.9397,GHCND:USW00093009,METERS,-106.31625
1747,1633.1,1948-08-01,2026-01-01,39.27332,"LIMON, CO US",0.9613,GHCND:USW00093010,METERS,-103.66737
1748,1739.5,1996-07-01,2026-01-01,38.50538,"MONTROSE REGIONAL AIRPORT, CO US",0.9942,GHCND:USW00093013,METERS,-107.89813
1749,1884.2,1948-04-01,2026-01-01,38.80949,"COLORADO SPRINGS MUNICIPAL AIRPORT, CO US",1.0,GHCND:USW00093037,METERS,-104.68873
1750,1424.5,1954-06-01,2026-01-01,38.28868,"PUEBLO MEMORIAL AIRPORT, CO US",0.9988,GHCND:USW00093058,METERS,-104.5057
1751,2003.1,1970-08-01,2026-01-01,38.96667,"COLORADO SPRINGS USAF ACADEMY, CO US",0.0195,GHCND:USW00093065,METERS,-104.81667
1752,1789.2,1998-07-01,2026-01-01,39.5599,"DENVER CENTENNIAL AIRPORT, CO US",0.9998,GHCND:USW00093067,METERS,-104.84843
1753,1799.2,1996-07-01,2026-01-01,37.30705,"CORTEZ MONTEZUMA CO AIRPORT, CO US",0.9914,GHCND:USW00093069,METERS,-108.62646
1754,2339.9,1998-06-01,2026-01-01,39.22994,"ASPEN PITKIN CO AIRPORT SARDY FIELD, CO US",0.9998,GHCND:USW00093073,METERS,-106.87052
1755,1779.4,1967-02-01,2026-01-01,38.67833,"FORT CARSON BUTTS ARMY AIR FIELD, CO US",0.3757,GHCND:USW00094015,METERS,-104.75667
1756,2011.7,2017-08-01,2026-01-01,40.48111,"HAYDEN YAMPA VALLEY AIRPORT, CO US",0.9113,GHCND:USW00094025,METERS,-107.2175
1757,1526.7,2011-10-01,2026-01-01,40.45,"FORT COLLINS LOVELAND AIRPORT, CO US",0.6277,GHCND:USW00094035,METERS,-105.01667
1758,1940.8,1997-06-01,2026-01-01,40.04437,"MEEKER AIRPORT, CO US",0.9911,GHCND:USW00094050,METERS,-107.88836
1759,1642.9,2003-08-01,2026-01-01,40.8066,"NUNN 7 NNE, CO US",0.9998,GHCND:USW00094074,METERS,-104.7552
1760,2995.6,2003-10-01,2026-01-01,40.0354,"BOULDER 14 W, CO US",0.9961,GHCND:USW00094075,METERS,-105.5409
1761,2258.9,2017-10-01,2026-01-01,40.05361,"KREMMLING MCELROY AIRFIELD, CO US",0.8996,GHCND:USW00094076,METERS,-106.36889
1762,1847.7,2004-08-01,2026-01-01,40.2446,"DINOSAUR 2 E, CO US",0.9882,GHCND:USW00094082,METERS,-108.9677
